{
  "variant": "mode_radiomics",
  "mode": "radiomics_only",
  "repeats": 3,
  "seed_base": 42,
  "use_focal": true,
  "node_drop_p": 0.0,
  "mpap_aux": false,
  "mpap_aux_weight": 0.1,
  "use_youden": true,
  "splits_file": "data/splits_gold.json",
  "labels_file": "data/labels_gold.csv",
  "n_cases": 106,
  "results": {
    "folds": [
      {
        "threshold": 0.4355025291442871,
        "accuracy": 1.0,
        "f1": 1.0,
        "precision": 1.0,
        "recall": 1.0,
        "sensitivity": 1.0,
        "specificity": 1.0,
        "auc": 1.0,
        "fold": 0,
        "repeat": 0,
        "accuracy_argmax": 0.36363636363636365,
        "f1_argmax": 0.2222222222222222,
        "precision_argmax": 1.0,
        "recall_argmax": 0.125,
        "sensitivity_argmax": 0.125,
        "specificity_argmax": 1.0,
        "threshold_argmax": 0.5
      },
      {
        "threshold": 0.38876309990882874,
        "accuracy": 0.8095238095238095,
        "f1": 0.8571428571428571,
        "precision": 1.0,
        "recall": 0.75,
        "sensitivity": 0.75,
        "specificity": 1.0,
        "auc": 0.9,
        "fold": 1,
        "repeat": 0,
        "accuracy_argmax": 0.2857142857142857,
        "f1_argmax": 0.11764705882352941,
        "precision_argmax": 1.0,
        "recall_argmax": 0.0625,
        "sensitivity_argmax": 0.0625,
        "specificity_argmax": 1.0,
        "threshold_argmax": 0.5
      },
      {
        "threshold": 0.3177478313446045,
        "accuracy": 0.8571428571428571,
        "f1": 0.9090909090909091,
        "precision": 0.8823529411764706,
        "recall": 0.9375,
        "sensitivity": 0.9375,
        "specificity": 0.6,
        "auc": 0.7749999999999999,
        "fold": 2,
        "repeat": 0,
        "accuracy_argmax": 0.7142857142857143,
        "f1_argmax": 0.8,
        "precision_argmax": 0.8571428571428571,
        "recall_argmax": 0.75,
        "sensitivity_argmax": 0.75,
        "specificity_argmax": 0.6,
        "threshold_argmax": 0.5
      },
      {
        "threshold": 0.3547894358634949,
        "accuracy": 0.9523809523809523,
        "f1": 0.9696969696969697,
        "precision": 0.9411764705882353,
        "recall": 1.0,
        "sensitivity": 1.0,
        "specificity": 0.8,
        "auc": 0.9500000000000001,
        "fold": 3,
        "repeat": 0,
        "accuracy_argmax": 0.23809523809523808,
        "f1_argmax": 0.0,
        "precision_argmax": 0.0,
        "recall_argmax": 0.0,
        "sensitivity_argmax": 0.0,
        "specificity_argmax": 1.0,
        "threshold_argmax": 0.5
      },
      {
        "threshold": 0.4095977544784546,
        "accuracy": 0.8571428571428571,
        "f1": 0.896551724137931,
        "precision": 0.9285714285714286,
        "recall": 0.8666666666666667,
        "sensitivity": 0.8666666666666667,
        "specificity": 0.8333333333333334,
        "auc": 0.8666666666666668,
        "fold": 4,
        "repeat": 0,
        "accuracy_argmax": 0.6190476190476191,
        "f1_argmax": 0.6363636363636364,
        "precision_argmax": 1.0,
        "recall_argmax": 0.4666666666666667,
        "sensitivity_argmax": 0.4666666666666667,
        "specificity_argmax": 1.0,
        "threshold_argmax": 0.5
      },
      {
        "threshold": 0.36627885699272156,
        "accuracy": 1.0,
        "f1": 1.0,
        "precision": 1.0,
        "recall": 1.0,
        "sensitivity": 1.0,
        "specificity": 1.0,
        "auc": 1.0,
        "fold": 0,
        "repeat": 1,
        "accuracy_argmax": 0.5909090909090909,
        "f1_argmax": 0.6086956521739131,
        "precision_argmax": 1.0,
        "recall_argmax": 0.4375,
        "sensitivity_argmax": 0.4375,
        "specificity_argmax": 1.0,
        "threshold_argmax": 0.5
      },
      {
        "threshold": 0.44498369097709656,
        "accuracy": 0.8571428571428571,
        "f1": 0.9090909090909091,
        "precision": 0.8823529411764706,
        "recall": 0.9375,
        "sensitivity": 0.9375,
        "specificity": 0.6,
        "auc": 0.75,
        "fold": 1,
        "repeat": 1,
        "accuracy_argmax": 0.47619047619047616,
        "f1_argmax": 0.5217391304347826,
        "precision_argmax": 0.8571428571428571,
        "recall_argmax": 0.375,
        "sensitivity_argmax": 0.375,
        "specificity_argmax": 0.8,
        "threshold_argmax": 0.5
      },
      {
        "threshold": 0.3632050156593323,
        "accuracy": 0.8095238095238095,
        "f1": 0.8666666666666667,
        "precision": 0.9285714285714286,
        "recall": 0.8125,
        "sensitivity": 0.8125,
        "specificity": 0.8,
        "auc": 0.825,
        "fold": 2,
        "repeat": 1,
        "accuracy_argmax": 0.7142857142857143,
        "f1_argmax": 0.7857142857142857,
        "precision_argmax": 0.9166666666666666,
        "recall_argmax": 0.6875,
        "sensitivity_argmax": 0.6875,
        "specificity_argmax": 0.8,
        "threshold_argmax": 0.5
      },
      {
        "threshold": 0.4082028567790985,
        "accuracy": 0.9047619047619048,
        "f1": 0.9333333333333333,
        "precision": 1.0,
        "recall": 0.875,
        "sensitivity": 0.875,
        "specificity": 1.0,
        "auc": 0.9625,
        "fold": 3,
        "repeat": 1,
        "accuracy_argmax": 0.38095238095238093,
        "f1_argmax": 0.3157894736842105,
        "precision_argmax": 1.0,
        "recall_argmax": 0.1875,
        "sensitivity_argmax": 0.1875,
        "specificity_argmax": 1.0,
        "threshold_argmax": 0.5
      },
      {
        "threshold": 0.33739519119262695,
        "accuracy": 0.8571428571428571,
        "f1": 0.9032258064516129,
        "precision": 0.875,
        "recall": 0.9333333333333333,
        "sensitivity": 0.9333333333333333,
        "specificity": 0.6666666666666666,
        "auc": 0.7222222222222223,
        "fold": 4,
        "repeat": 1,
        "accuracy_argmax": 0.38095238095238093,
        "f1_argmax": 0.3157894736842105,
        "precision_argmax": 0.75,
        "recall_argmax": 0.2,
        "sensitivity_argmax": 0.2,
        "specificity_argmax": 0.8333333333333334,
        "threshold_argmax": 0.5
      },
      {
        "threshold": 0.40425342321395874,
        "accuracy": 0.7272727272727273,
        "f1": 0.7692307692307693,
        "precision": 1.0,
        "recall": 0.625,
        "sensitivity": 0.625,
        "specificity": 1.0,
        "auc": 0.875,
        "fold": 0,
        "repeat": 2,
        "accuracy_argmax": 0.5,
        "f1_argmax": 0.47619047619047616,
        "precision_argmax": 1.0,
        "recall_argmax": 0.3125,
        "sensitivity_argmax": 0.3125,
        "specificity_argmax": 1.0,
        "threshold_argmax": 0.5
      },
      {
        "threshold": 0.4486878514289856,
        "accuracy": 0.8571428571428571,
        "f1": 0.9032258064516129,
        "precision": 0.9333333333333333,
        "recall": 0.875,
        "sensitivity": 0.875,
        "specificity": 0.8,
        "auc": 0.8625,
        "fold": 1,
        "repeat": 2,
        "accuracy_argmax": 0.7142857142857143,
        "f1_argmax": 0.7692307692307693,
        "precision_argmax": 1.0,
        "recall_argmax": 0.625,
        "sensitivity_argmax": 0.625,
        "specificity_argmax": 1.0,
        "threshold_argmax": 0.5
      },
      {
        "threshold": 0.43405836820602417,
        "accuracy": 0.9047619047619048,
        "f1": 0.9333333333333333,
        "precision": 1.0,
        "recall": 0.875,
        "sensitivity": 0.875,
        "specificity": 1.0,
        "auc": 0.9375,
        "fold": 2,
        "repeat": 2,
        "accuracy_argmax": 0.23809523809523808,
        "f1_argmax": 0.0,
        "precision_argmax": 0.0,
        "recall_argmax": 0.0,
        "sensitivity_argmax": 0.0,
        "specificity_argmax": 1.0,
        "threshold_argmax": 0.5
      },
      {
        "threshold": 0.3382645547389984,
        "accuracy": 1.0,
        "f1": 1.0,
        "precision": 1.0,
        "recall": 1.0,
        "sensitivity": 1.0,