{
  "cohorts": {
    "A_in_cache_243": {
      "n": 243,
      "n_contrast": 189,
      "disease_full_lr": {
        "mean": 0.8893347537878789,
        "ci95": [
          0.8579190340909092,
          0.9166193181818182
        ]
      },
      "disease_full_gb": 0.9307410037878789,
      "disease_contrast_lr": {
        "mean": 0.776534090909091,
        "ci95": [
          0.7049943181818181,
          0.8507386363636364
        ]
      },
      "disease_contrast_gb": 0.7708522727272726,
      "protocol_nonph_lr": {
        "mean": 0.8006060606060605,
        "ci95": [
          0.7424242424242424,
          0.8690909090909089
        ]
      }
    },
    "B_full_282_degraded": {
      "n": 282,
      "n_contrast": 197,
      "disease_full_lr": {
        "mean": 0.8786096256684491,
        "ci95": [
          0.8201993722390142,
          0.9308649151360149
        ]
      },
      "disease_full_gb": 0.8948732852824925,
      "disease_contrast_lr": {
        "mean": 0.7897058823529411,
        "ci95": [
          0.7382352941176471,
          0.8519607843137255
        ]
      },
      "disease_contrast_gb": 0.6897058823529412,
      "protocol_nonph_lr": {
        "mean": 0.855686274509804,
        "ci95": [
          0.768235294117647,
          0.9509803921568627
        ]
      }
    }
  },
  "delta": {
    "disease_full_lr": -0.010725128119429717,
    "disease_contrast_lr": 0.013171791443850167,
    "protocol_nonph_lr": 0.0550802139037434
  }
}