{
  "cohort_n": 190,
  "n_ph": 163,
  "n_nonph": 27,
  "structure_aucs": {
    "artery": {
      "n": 190,
      "n_features": 44,
      "auc": 0.7411951829129743,
      "ci95": [
        0.6396273574187684,
        0.8332197227902749
      ]
    },
    "vein": {
      "n": 190,
      "n_features": 44,
      "auc": 0.8007271074755737,
      "ci95": [
        0.7007384685298794,
        0.8857134742104067
      ]
    },
    "airway": {
      "n": 190,
      "n_features": 44,
      "auc": 0.7895932742558509,
      "ci95": [
        0.6966484889797773,
        0.8718473074301295
      ]
    },
    "all_three": {
      "n": 190,
      "n_features": 132,
      "auc": 0.7691433765053397,
      "ci95": [
        0.652124517155192,
        0.8725289706884799
      ]
    }
  },
  "paired_deltas": {
    "artery_minus_vein": {
      "auc_a": 0.7411951829129743,
      "auc_b": 0.8007271074755737,
      "delta_mean": -0.05918218586684843,
      "delta_ci95": [
        -0.16882526698477607,
        0.047494887525562364
      ],
      "p_two_sided": 0.276
    },
    "artery_minus_airway": {
      "auc_a": 0.7411951829129743,
      "auc_b": 0.7895932742558509,
      "delta_mean": -0.04913501476937059,
      "delta_ci95": [
        -0.16769484208134525,
        0.06704158145875928
      ],
      "p_two_sided": 0.4096
    },
    "vein_minus_airway": {
      "auc_a": 0.8007271074755737,
      "auc_b": 0.7895932742558509,
      "delta_mean": 0.010047171097477842,
      "delta_ci95": [
        -0.06612133605998627,
        0.08861622358554866
      ],
      "p_two_sided": 0.8108
    },
    "all_three_minus_artery": {
      "auc_a": 0.7691433765053397,
      "auc_b": 0.7411951829129743,
      "delta_mean": 0.028419586457623262,
      "delta_ci95": [
        -0.03749715973642357,
        0.0983867302885707
      ],
      "p_two_sided": 0.4032
    },
    "all_three_minus_vein": {
      "auc_a": 0.7691433765053397,
      "auc_b": 0.8007271074755737,
      "delta_mean": -0.030762599409225176,
      "delta_ci95": [
        -0.12497727789138838,
        0.057032492615314734
      ],
      "p_two_sided": 0.5168
    },
    "all_three_minus_airway": {
      "auc_a": 0.7691433765053397,
      "auc_b": 0.7895932742558509,
      "delta_mean": -0.02071542831174733,
      "delta_ci95": [
        -0.12497727789138838,
        0.07498295841854108
      ],
      "p_two_sided": 0.7208
    }
  }
}