{
  "train_loss": [
    0.711784119789417,
    0.6903570982126089,
    0.6791052099985954,
    0.6571332216262817,
    0.648687617901044,
    0.6265400923215426,
    0.6101572933869485,
    0.5829333074581928,
    0.5849357484242855,
    0.5490746024327401,
    0.5259276307546176,
    0.4740650867804503,
    0.5369163713394067,
    0.44122302302947414,
    0.5063982605934143,
    0.4832445948551863,
    0.44598618149757385,
    0.4723149408132602,
    0.4676580895216037,
    0.40535187262755173,
    0.36903567421130645,
    0.3755633903619571,
    0.4419158647457759,
    0.45037465752699435,
    0.43713655838599574,
    0.35531019820616794,
    0.325938092592435,
    0.36057590139217865,
    0.418297889140936,
    0.3382677355637917,
    0.34697861396349394,
    0.3241204111239849,
    0.3252953867881726,
    0.3179717782216194,
    0.33969294948455614,
    0.3342112402121226,
    0.31833263696768344,
    0.3109801782247348,
    0.3419732206907028,
    0.37129771403777295,
    0.22804007488183486,
    0.34075893805577206,
    0.27686464824737644,
    0.3208429947113379,
    0.29913369356057584,
    0.2152518956707074,
    0.3006146328571515,
    0.2682921439409256,
    0.2315513239457057,
    0.31365602721388525,
    0.32731626545771575,
    0.29606488939279163,
    0.31736443115350527,
    0.26666891956940675,
    0.26775028155400205,
    0.36071855211869264,
    0.23988195718863073,
    0.24787980160461023,
    0.23467011682880232,
    0.21837680404767013
  ],
  "val_loss": [
    0.7072257041931153,
    0.6481372237205505,
    0.6196106195449829,
    0.5559950232505798,
    0.5237082600593567,
    0.5363581836223602,
    0.5106061220169067,
    0.495860230922699,
    0.5952836453914643,
    0.46014143228530885,
    0.44678886532783507,
    0.4244577467441559,
    0.4644860804080963,
    0.37165645956993104,
    0.4807474434375763,
    0.4211850643157959,
    0.3396534323692322,
    0.3665963411331177,
    0.2773411899805069,
    0.3261159896850586,
    0.3310237258672714,
    0.34031633734703065,
    0.3252358496189117,
    0.3249054491519928,
    0.3233709841966629,
    0.3092807799577713,
    0.3825163275003433,
    0.2757148742675781,
    0.3138877362012863,
    0.29801479876041415,
    0.31844069361686705,
    0.32007972002029417,
    0.2878460198640823,
    0.3475213199853897,
    0.39684718251228335,
    0.301137638092041,
    0.30883160829544065,
    0.24024323225021363,
    0.2553990989923477,
    0.31641021072864534,
    0.2781684994697571,
    0.34820079505443574,
    0.2766189187765121,
    0.37416439056396483,
    0.30490522384643554,
    0.2709564372897148,
    0.3316063731908798,
    0.2698826104402542,
    0.24737459421157837,
    0.3304074019193649,
    0.4368456691503525,
    0.2692152202129364,
    0.2323008358478546,
    0.2653417631983757,
    0.23095935434103013,
    0.2932246387004852,
    0.34736596047878265,
    0.334083616733551,
    0.2701419100165367,
    0.2454846441745758
  ],
  "val_auc": [
    0.35784313725490197,
    0.627450980392157,
    0.7107843137254902,
    0.7450980392156863,
    0.8137254901960784,
    0.8137254901960784,
    0.8480392156862745,
    0.9264705882352942,
    0.877450980392157,
    0.9215686274509803,
    0.9166666666666666,
    0.946078431372549,
    0.9509803921568627,
    0.9215686274509804,
    0.9215686274509804,
    0.9411764705882353,
    0.9509803921568627,
    0.9607843137254901,
    0.9754901960784313,
    0.9803921568627451,
    0.9656862745098039,
    0.9215686274509803,
    0.9558823529411765,
    0.9509803921568627,
    0.9313725490196078,
    0.946078431372549,
    0.9558823529411764,
    0.9411764705882353,
    0.9117647058823529,
    0.9558823529411764,
    0.9509803921568627,
    0.9607843137254902,
    0.946078431372549,
    0.9558823529411764,
    0.9166666666666665,
    0.9313725490196079,
    0.9264705882352942,
    0.9705882352941176,
    0.9705882352941176,
    0.9705882352941176,
    0.9558823529411764,
    0.9705882352941176,
    0.9656862745098039,
    0.9558823529411764,
    0.9705882352941176,
    0.9411764705882354,
    0.9558823529411764,
    0.9460784313725489,
    0.9558823529411764,
    0.9019607843137256,
    0.9313725490196079,
    0.9607843137254902,
    0.9362745098039216,
    0.946078431372549,
    0.9607843137254902,
    0.9362745098039216,
    0.946078431372549,
    0.9460784313725491,
    0.9264705882352942,
    0.9558823529411764
  ],
  "val_f1": [
    0.2857142857142857,
    0.9014084507042254,
    0.8955223880597015,
    0.918918918918919,
    0.9166666666666666,
    0.9444444444444444,
    0.8955223880597015,
    0.8888888888888888,
    0.7407407407407407,
    0.8852459016393442,
    0.8709677419354839,
    0.8852459016393442,
    0.8666666666666667,
    0.8888888888888888,
    0.847457627118644,
    0.9032258064516129,
    0.9230769230769231,
    0.9032258064516129,
    0.9696969696969697,
    0.9206349206349206,
    0.8852459016393442,
    0.8888888888888888,
    0.9206349206349206,
    0.9206349206349206,
    0.9375,
    0.9393939393939394,
    0.8666666666666667,
    0.9393939393939394,
    0.9253731343283582,
    0.9032258064516129,
    0.9206349206349206,
    0.9375,
    0.9565217391304348,
    0.8852459016393442,
    0.8709677419354839,
    0.9253731343283582,
    0.9230769230769231,
    0.9850746268656716,
    0.9375,
    0.9206349206349206,
    0.9538461538461539,
    0.8666666666666667,
    0.9375,
    0.8852459016393442,
    0.9032258064516129,
    0.9393939393939394,
    0.9206349206349206,
    0.9090909090909091,
    0.9552238805970149,
    0.9230769230769231,
    0.8852459016393442,
    0.9206349206349206,
    0.9565217391304348,
    0.9393939393939394,
    0.9565217391304348,
    0.9206349206349206,
    0.8852459016393442,
    0.9032258064516129,
    0.9230769230769231,
    0.9552238805970149
  ],
  "val_acc": [
    0.25,
    0.825,
    0.825,
    0.85,
    0.85,
    0.9,
    0.825,
    0.825,
    0.65,
    0.825,
    0.8,
    0.825,
    0.8,
    0.825,
    0.775,
    0.85,
    0.875,
    0.85,
    0.95,
    0.875,
    0.825,
    0.825,
    0.875,
    0.875,
    0.9,
    0.9,
    0.8,
    0.9,
    0.875,
    0.85,
    0.875,
    0.9,
    0.925,
    0.825,
    0.8,
    0.875,
    0.875,
    0.975,
    0.9,
    0.875,
    0.925,
    0.8,
    0.9,
    0.825,
    0.85,
    0.9,
    0.875,
    0.85,
    0.925,
    0.875,
    0.825,
    0.875,
    0.925,
    0.9,
    0.925,
    0.875,
    0.825,
    0.85,
    0.875,
    0.925
  ]
}