{
  "clustering_views": {
    "embedding": {
      "kmeans_k2": {
        "silhouette": 0.17815356411850664,
        "ari_label": 0.004432299277323315,
        "nmi_label": 0.0004105314315082411,
        "cluster_sizes": [
          22,
          84
        ],
        "cluster_mpap": {
          "0": {
            "mean_mpap": 28.454545454545453,
            "std_mpap": 8.531904150290957,
            "n": 22,
            "ph_rate": 0.7272727272727273
          },
          "1": {
            "mean_mpap": 30.047619047619047,
            "std_mpap": 12.01874009115285,
            "n": 84,
            "ph_rate": 0.75
          }
        },
        "ari_mpap_tertile": -0.003193789367889778
      },
      "kmeans_k3": {
        "silhouette": 0.19435642128300978,
        "ari_label": -0.02252991665279388,
        "nmi_label": 0.00445873957249076,
        "cluster_sizes": [
          67,
          17,
          22
        ],
        "cluster_mpap": {
          "0": {
            "mean_mpap": 29.955223880597014,
            "std_mpap": 12.363201097118331,
            "n": 67,
            "ph_rate": 0.7313432835820896
          },
          "1": {
            "mean_mpap": 30.41176470588235,
            "std_mpap": 10.544353512826675,
            "n": 17,
            "ph_rate": 0.8235294117647058
          },
          "2": {
            "mean_mpap": 28.454545454545453,
            "std_mpap": 8.531904150290957,
            "n": 22,
            "ph_rate": 0.7272727272727273
          }
        },
        "ari_mpap_tertile": -0.011096247967766268
      },
      "kmeans_k4": {
        "silhouette": 0.18205320897703506,
        "ari_label": -0.013795829255439283,
        "nmi_label": 0.0036229538041254402,
        "cluster_sizes": [
          17,
          22,
          49,
          18
        ],
        "cluster_mpap": {
          "0": {
            "mean_mpap": 30.41176470588235,
            "std_mpap": 10.544353512826675,
            "n": 17,
            "ph_rate": 0.8235294117647058
          },
          "1": {
            "mean_mpap": 28.454545454545453,
            "std_mpap": 8.531904150290957,
            "n": 22,
            "ph_rate": 0.7272727272727273
          },
          "2": {
            "mean_mpap": 29.632653061224488,
            "std_mpap": 11.779771449830669,
            "n": 49,
            "ph_rate": 0.7346938775510204
          },
          "3": {
            "mean_mpap": 30.833333333333332,
            "std_mpap": 13.789085861248703,
            "n": 18,
            "ph_rate": 0.7222222222222222
          }
        },
        "ari_mpap_tertile": -0.01352153238759089
      },
      "gmm_k2": {
        "silhouette": 0.13695542605688785,
        "ari_label": 0.0003405658133557111,
        "nmi_label": 0.0005594127756785344,
        "cluster_sizes": [
          69,
          37
        ],
        "cluster_mpap": {
          "0": {
            "mean_mpap": 29.840579710144926,
            "std_mpap": 11.103757280798812,
            "n": 69,
            "ph_rate": 0.7536231884057971
          },
          "1": {
            "mean_mpap": 29.486486486486488,
            "std_mpap": 11.933649045749364,
            "n": 37,
            "ph_rate": 0.7297297297297297
          }
        },
        "ari_mpap_tertile": -0.007784882115341941
      },
      "gmm_k3": {
        "silhouette": 0.150055107072655,
        "ari_label": -0.012438297970081147,
        "nmi_label": 0.008411382183333631,
        "cluster_sizes": [
          22,
          33,
          51
        ],
        "cluster_mpap": {
          "0": {
            "mean_mpap": 28.454545454545453,
            "std_mpap": 8.531904150290957,
            "n": 22,
            "ph_rate": 0.7272727272727273
          },
          "1": {
            "mean_mpap": 30.545454545454547,
            "std_mpap": 11.094882547047641,
            "n": 33,
            "ph_rate": 0.8181818181818182
          },
          "2": {
            "mean_mpap": 29.725490196078432,
            "std_mpap": 12.569927435753158,
            "n": 51,
            "ph_rate": 0.7058823529411765
          }
        },
        "ari_mpap_tertile": -0.011044267625294516
      }
    },
    "signature": {
      "kmeans_k2": {
        "silhouette": 0.5686687231063843,
        "ari_label": -0.002137718317144399,
        "nmi_label": 6.337318895318156e-06,
        "cluster_sizes": [
          4,
          102
        ],
        "cluster_mpap": {
          "0": {
            "mean_mpap": 41.5,
            "std_mpap": 18.034688796871432,
            "n": 4,
            "ph_rate": 0.75
          },
          "1": {
            "mean_mpap": 29.254901960784313,
            "std_mpap": 10.801857387949722,
            "n": 102,
            "ph_rate": 0.7450980392156863
          }
        },
        "ari_mpap_tertile": -0.00023286409820758995
      },
      "kmeans_k3": {
        "silhouette": 0.5812956094741821,
        "ari_label": -0.013405912984856523,
        "nmi_label": 0.00715372202523334,
        "cluster_sizes": [
          101,
          4,
          1
        ],
        "cluster_mpap": {
          "0": {
            "mean_mpap": 29.019801980198018,
            "std_mpap": 10.592338159422615,
            "n": 101,
            "ph_rate": 0.7425742574257426
          },
          "1": {
            "mean_mpap": 41.5,
            "std_mpap": 18.034688796871432,
            "n": 4,
            "ph_rate": 0.75
          },
          "2": {
            "mean_mpap": 53.0,
            "std_mpap": 0.0,
            "n": 1,
            "ph_rate": 1.0
          }
        },
        "ari_mpap_tertile": 0.0009241383465227645
      },
      "kmeans_k4": {
        "silhouette": 0.28365322947502136,
        "ari_label": 0.0010734539615863887,
        "nmi_label": 0.0052821862667555685,
        "cluster_sizes": [
          73,
          28,
          1,
          4
        ],
        "cluster_mpap": {
          "0": {
            "mean_mpap": 28.958904109589042,
            "std_mpap": 10.228135190930736,
            "n": 73,
            "ph_rate": 0.7534246575342466
          },
          "1": {
            "mean_mpap": 29.178571428571427,
            "std_mpap": 11.486182915102113,
            "n": 28,
            "ph_rate": 0.7142857142857143
          },
          "2": {
            "mean_mpap": 53.0,
            "std_mpap": 0.0,
            "n": 1,
            "ph_rate": 1.0
          },
          "3": {
            "mean_mpap": 41.5,
            "std_mpap": 18.034688796871432,
            "n": 4,
            "ph_rate": 0.75
          }
        },
        "ari_mpap_tertile": 0.01248263631832305
      },
      "gmm_k2": {
        "silhouette": 0.33974796533584595,
        "ari_label": -0.007304090737481323,
        "nmi_label": 2.5997520796202084e-05,
        "cluster_sizes": [
          20,
          86
        ],
        "cluster_mpap": {
          "0": {
            "mean_mpap": 33.45,
            "std_mpap": 14.154416271962614,
            "n": 20,
            "ph_rate": 0.75
          },
          "1": {
            "mean_mpap": 28.848837209302324,
            "std_mpap": 10.470909249362393,
            "n": 86,
            "ph_rate": 0.7441860465116279
          }
        },
        "ari_mpap_tertile": -0.003090323197252032
      },
      "gmm_k3": {
        "silhouette": 0.3408806025981903,
        "ari_label": 0.004715882687718969,
        "nmi_label": 0.00047973664298663933,
        "cluster_sizes": [
          84,
          18,
          4
        ],
        "cluster_mpap": {
          "0": {
            "mean_mpap": 28.80952380952381,
            "std_mpap": 10.384828896126022,
            "n": 84,
            "ph_rate": 0.75
          },
          "1": {
            "mean_mpap": 31.333333333333332,
            "std_mpap": 12.355835328567093,
            "n": 18,
            "ph_rate": 0.7222222222222222
          },
          "2": {
            "mean_mpap": 41.5,
            "std_mpap": 18.034688796871432,
            "n": 4,