{
  "n_total": 184,
  "n_ph": 158,
  "n_nonph": 26,
  "n_excluded_seg_fails": 38,
  "graph_only": {
    "n_features": 50,
    "auc": 0.7818889970788704,
    "ci95": [
      0.6759980525803311,
      0.8766127069133397
    ]
  },
  "lung_only": {
    "n_features": 49,
    "auc": 0.8444498539435248,
    "ci95": [
      0.7543390944498539,
      0.9167478091528725
    ]
  },
  "graph+lung": {
    "n_features": 99,
    "auc": 0.8668451801363194,
    "ci95": [
      0.7964885589094449,
      0.9301363193768256
    ]
  },
  "graph_per_substring": {
    "x0": {
      "n_features": 3,
      "auc": 0.745618305744888,
      "ci95": [
        0.6222675267770204,
        0.8482290652385589
      ]
    },
    "x1": {
      "n_features": 12,
      "auc": 0.8069620253164557,
      "ci95": [
        0.699214946445959,
        0.8986185491723466
      ]
    },
    "x2": {
      "n_features": 3,
      "auc": 0.7889483933787731,
      "ci95": [
        0.6939995131450827,
        0.8764788218111002
      ]
    },
    "e0": {
      "n_features": 2,
      "auc": 0.6015092502434275,
      "ci95": [
        0.4902507302823758,
        0.7115384615384616
      ]
    },
    "e1": {
      "n_features": 2,
      "auc": 0.7828627069133398,
      "ci95": [
        0.6783045277507302,
        0.8730586660175267
      ]
    }
  }
}