{
  "full": {
    "n_cases": 226,
    "k": 4,
    "projection": "UMAP",
    "kmeans_summary": [
      {
        "cluster": 0,
        "n": 64,
        "n_nonph": 5,
        "n_ph": 59,
        "ph_pct": 92.1875,
        "top_features": [
          [
            "l_lung_vol_mL",
            -1.0554805284693276
          ],
          [
            "l_paren_HU_p95",
            0.9304426178502619
          ],
          [
            "l_paren_HU_p75",
            0.9154010189466628
          ],
          [
            "l_vessel_airway_over_lung",
            0.8881319024720576
          ],
          [
            "l_paren_mean_HU",
            0.8721601472566287
          ]
        ]
      },
      {
        "cluster": 1,
        "n": 14,
        "n_nonph": 3,
        "n_ph": 11,
        "ph_pct": 78.57142857142857,
        "top_features": [
          [
            "g_e2_mean",
            2.443767131029554
          ],
          [
            "g_x2_mean",
            2.391703795663385
          ],
          [
            "g_x9_std",
            2.2038140471299092
          ],
          [
            "g_x9_p90",
            2.181934363166996
          ],
          [
            "g_x2_p90",
            2.177599001482958
          ]
        ]
      },
      {
        "cluster": 2,
        "n": 76,
        "n_nonph": 11,
        "n_ph": 65,
        "ph_pct": 85.52631578947368,
        "top_features": [
          [
            "g_n_nodes",
            0.8515085000573068
          ],
          [
            "g_n_edges",
            0.8514707430278401
          ],
          [
            "g_e0_mean",
            -0.6597108914924933
          ],
          [
            "g_x0_std",
            -0.634458527326304
          ],
          [
            "g_x1_std",
            -0.618735430237901
          ]
        ]
      },
      {
        "cluster": 3,
        "n": 72,
        "n_nonph": 49,
        "n_ph": 23,
        "ph_pct": 31.944444444444443,
        "top_features": [
          [
            "g_e1_mean",
            1.1075108832139673
          ],
          [
            "g_x1_mean",
            1.106841627961178
          ],
          [
            "g_x1_p90",
            1.0646952783745307
          ],
          [
            "g_e1_p90",
            1.0627627105239674
          ],
          [
            "l_paren_HU_p95",
            -0.9138924867918718
          ]
        ]
      }
    ],
    "fig": "E:\\桌面文件\\图卷积-肺小血管演化规律探索\\copdph-gcn-repo\\outputs\\r14\\multistruct_clusters_full.png"
  },
  "contrast_only": {
    "n_cases": 184,
    "k": 3,
    "projection": "UMAP",
    "kmeans_summary": [
      {
        "cluster": 0,
        "n": 54,
        "n_nonph": 17,
        "n_ph": 37,
        "ph_pct": 68.51851851851852,
        "top_features": [
          [
            "g_x1_p90",
            1.2196610445862153
          ],
          [
            "g_e1_mean",
            1.2128485165487612
          ],
          [
            "g_x1_mean",
            1.2125504819842237
          ],
          [
            "g_e1_p90",
            1.2105930713021564
          ],
          [
            "l_paren_HU_p95",
            -1.1238888895255856
          ]
        ]
      },
      {
        "cluster": 1,
        "n": 60,
        "n_nonph": 4,
        "n_ph": 56,
        "ph_pct": 93.33333333333333,
        "top_features": [
          [
            "g_n_nodes",
            1.0129487396340189
          ],
          [
            "g_n_edges",
            1.0129275131183835
          ],
          [
            "l_artery_vol_mL",
            0.7173592884595774
          ],
          [
            "g_x0_std",
            -0.700350914657832
          ],
          [
            "g_e0_p90",
            -0.6519896312748242
          ]
        ]
      },
      {
        "cluster": 2,
        "n": 70,
        "n_nonph": 5,
        "n_ph": 65,
        "ph_pct": 92.85714285714286,
        "top_features": [
          [
            "l_lung_vol_mL",
            -0.886460912754593
          ],
          [
            "l_paren_mean_HU",
            0.6630747060327249
          ],
          [
            "l_paren_LAA_856_frac",
            -0.6623929165612185
          ],
          [
            "l_paren_HU_p75",
            0.6580998250254352
          ],
          [
            "l_paren_HU_p95",
            0.6534949969109433
          ]
        ]
      }
    ],
    "fig": "E:\\桌面文件\\图卷积-肺小血管演化规律探索\\copdph-gcn-repo\\outputs\\r14\\multistruct_clusters_contrast_only.png"
  }
}