{
  "clustering_views": {
    "embedding": {
      "kmeans_k2": {
        "silhouette": 0.1276989143753609,
        "ari_label": -0.013468312464849185,
        "nmi_label": 0.0003413389962449336,
        "cluster_sizes": [
          85,
          21
        ],
        "cluster_mpap": {
          "0": {
            "mean_mpap": 29.36470588235294,
            "std_mpap": 11.0962071514905,
            "n": 85,
            "ph_rate": 0.7411764705882353
          },
          "1": {
            "mean_mpap": 31.142857142857142,
            "std_mpap": 12.460549992775157,
            "n": 21,
            "ph_rate": 0.7619047619047619
          }
        },
        "ari_mpap_tertile": -0.0035722474988233305
      },
      "kmeans_k3": {
        "silhouette": 0.12961968483344904,
        "ari_label": -0.011190487251104749,
        "nmi_label": 0.000760167113409328,
        "cluster_sizes": [
          44,
          21,
          41
        ],
        "cluster_mpap": {
          "0": {
            "mean_mpap": 28.295454545454547,
            "std_mpap": 9.545535713940613,
            "n": 44,
            "ph_rate": 0.7272727272727273
          },
          "1": {
            "mean_mpap": 31.142857142857142,
            "std_mpap": 12.460549992775157,
            "n": 21,
            "ph_rate": 0.7619047619047619
          },
          "2": {
            "mean_mpap": 30.51219512195122,
            "std_mpap": 12.447199609079501,
            "n": 41,
            "ph_rate": 0.7560975609756098
          }
        },
        "ari_mpap_tertile": -0.012738417457905183
      },
      "kmeans_k4": {
        "silhouette": 0.13602912172970058,
        "ari_label": -0.010073509392866867,
        "nmi_label": 0.00042579232717189616,
        "cluster_sizes": [
          20,
          20,
          33,
          33
        ],
        "cluster_mpap": {
          "0": {
            "mean_mpap": 31.25,
            "std_mpap": 12.758820478398464,
            "n": 20,
            "ph_rate": 0.75
          },
          "1": {
            "mean_mpap": 31.75,
            "std_mpap": 12.605058508392572,
            "n": 20,
            "ph_rate": 0.75
          },
          "2": {
            "mean_mpap": 27.12121212121212,
            "std_mpap": 7.376282942371021,
            "n": 33,
            "ph_rate": 0.7272727272727273
          },
          "3": {
            "mean_mpap": 30.151515151515152,
            "std_mpap": 12.543551312228036,
            "n": 33,
            "ph_rate": 0.7575757575757576
          }
        },
        "ari_mpap_tertile": 0.008498691191012302
      },
      "gmm_k2": {
        "silhouette": 0.09001562168659821,
        "ari_label": -0.006925945657964837,
        "nmi_label": 0.0003719691981423283,
        "cluster_sizes": [
          53,
          53
        ],
        "cluster_mpap": {
          "0": {
            "mean_mpap": 29.528301886792452,
            "std_mpap": 10.745080091512364,
            "n": 53,
            "ph_rate": 0.7547169811320755
          },
          "1": {
            "mean_mpap": 29.90566037735849,
            "std_mpap": 12.019267787548767,
            "n": 53,
            "ph_rate": 0.7358490566037735
          }
        },
        "ari_mpap_tertile": 0.00048763401350265453
      },
      "gmm_k3": {
        "silhouette": 0.08609866510329918,
        "ari_label": -0.007904861915070345,
        "nmi_label": 0.0004856235279528524,
        "cluster_sizes": [
          33,
          36,
          37
        ],
        "cluster_mpap": {
          "0": {
            "mean_mpap": 30.303030303030305,
            "std_mpap": 11.336411832740815,
            "n": 33,
            "ph_rate": 0.7272727272727273
          },
          "1": {
            "mean_mpap": 29.666666666666668,
            "std_mpap": 12.935738607954837,
            "n": 36,
            "ph_rate": 0.75
          },
          "2": {
            "mean_mpap": 29.243243243243242,
            "std_mpap": 9.718762587805612,
            "n": 37,
            "ph_rate": 0.7567567567567568
          }
        },
        "ari_mpap_tertile": -0.01320249141448857
      }
    },
    "signature": {
      "kmeans_k2": {
        "silhouette": 0.22956499457359314,
        "ari_label": -0.01730277066874374,
        "nmi_label": 0.001495537537185554,
        "cluster_sizes": [
          35,
          71
        ],
        "cluster_mpap": {
          "0": {
            "mean_mpap": 30.17142857142857,
            "std_mpap": 11.175191182220717,
            "n": 35,
            "ph_rate": 0.7714285714285715
          },
          "1": {
            "mean_mpap": 29.492957746478872,
            "std_mpap": 11.504895760631792,
            "n": 71,
            "ph_rate": 0.7323943661971831
          }
        },
        "ari_mpap_tertile": -0.006517768002336805
      },
      "kmeans_k3": {
        "silhouette": 0.3006978929042816,
        "ari_label": -0.005834761320946868,
        "nmi_label": 2.0245462400003863e-05,
        "cluster_sizes": [
          71,
          4,
          31
        ],
        "cluster_mpap": {
          "0": {
            "mean_mpap": 28.87323943661972,
            "std_mpap": 10.31466831574321,
            "n": 71,
            "ph_rate": 0.7464788732394366
          },
          "1": {
            "mean_mpap": 41.5,
            "std_mpap": 18.034688796871432,
            "n": 4,
            "ph_rate": 0.75
          },
          "2": {
            "mean_mpap": 30.129032258064516,
            "std_mpap": 11.795958672314828,
            "n": 31,
            "ph_rate": 0.7419354838709677
          }
        },
        "ari_mpap_tertile": 0.002248464493340648
      },
      "kmeans_k4": {
        "silhouette": 0.2907741367816925,
        "ari_label": 0.0010734539615863887,
        "nmi_label": 0.0052821862667555685,
        "cluster_sizes": [
          4,
          28,
          73,
          1
        ],
        "cluster_mpap": {
          "0": {
            "mean_mpap": 41.5,
            "std_mpap": 18.034688796871432,
            "n": 4,
            "ph_rate": 0.75
          },
          "1": {
            "mean_mpap": 28.607142857142858,
            "std_mpap": 11.023803095750466,
            "n": 28,
            "ph_rate": 0.7142857142857143
          },
          "2": {
            "mean_mpap": 29.17808219178082,
            "std_mpap": 10.417769942199097,
            "n": 73,
            "ph_rate": 0.7534246575342466
          },
          "3": {
            "mean_mpap": 53.0,
            "std_mpap": 0.0,
            "n": 1,
            "ph_rate": 1.0
          }
        },
        "ari_mpap_tertile": 0.0033971970204732267
      },
      "gmm_k2": {
        "silhouette": 0.2271774411201477,
        "ari_label": -0.008643416894860324,
        "nmi_label": 5.783539969121403e-05,
        "cluster_sizes": [
          40,
          66
        ],
        "cluster_mpap": {
          "0": {
            "mean_mpap": 30.65,
            "std_mpap": 12.209729726738427,
            "n": 40,
            "ph_rate": 0.75
          },
          "1": {
            "mean_mpap": 29.151515151515152,
            "std_mpap": 10.843574307622093,
            "n": 66,
            "ph_rate": 0.7424242424242424
          }
        },
        "ari_mpap_tertile": -0.006112947702980419
      },
      "gmm_k3": {
        "silhouette": 0.2544550597667694,
        "ari_label": -0.0007404372307945831,
        "nmi_label": 0.00040807351762495614,
        "cluster_sizes": [
          23,
          61,
          22
        ],
        "cluster_mpap": {
          "0": {
            "mean_mpap": 28.956521739130434,
            "std_mpap": 11.384498464710937,
            "n": 23,
            "ph_rate": 0.7391304347826086
          },
          "1": {
            "mean_mpap": 28.75409836065574,
            "std_mpap": 9.981385523760304,
            "n": 61,
            "ph_rate": 0.7540983606557377
          },
          "2": {
            "mean_mpap": 33.18181818181818,