{
  "feature_count": 47,
  "subsets": {
    "within_nonph_protocol": {
      "n": 80,
      "n_feats": 47,
      "protocol_lr": {
        "mean": 0.8533333333333332,
        "ci95": [
          0.7224242424242424,
          0.9418181818181818
        ]
      },
      "protocol_gb": {
        "mean": 0.7742424242424243,
        "ci95": [
          0.5960606060606061,
          0.9084848484848485
        ]
      }
    },
    "contrast_only_disease": {
      "n": 189,
      "disease_lr": {
        "mean": 0.857594696969697,
        "ci95": [
          0.7886931818181819,
          0.9227272727272726
        ]
      },
      "disease_gb": {
        "mean": 0.782253787878788,
        "ci95": [
          0.7147159090909091,
          0.8487500000000001
        ]
      }
    },
    "full_cohort_protocol": {
      "n": 243,
      "protocol_lr_mean": 0.9357467994310099,
      "protocol_gb_mean": 0.9289525410578042
    }
  }
}