{
  "settings": {
    "baseline": {
      "protocol_within_nonph": {
        "auc": 0.8155270655270656,
        "ci95": [
          0.7198758813870376,
          0.9025640232108316
        ]
      },
      "disease_within_contrast": {
        "auc": 0.7524775837659273,
        "ci95": [
          0.6252150402584852,
          0.8640831540724255
        ]
      },
      "n_nonph": 80,
      "n_contrast": 189
    },
    "adv_lambda_0.5": {
      "protocol_within_nonph": {
        "auc": 0.8582621082621082,
        "ci95": [
          0.7749700436862907,
          0.9309107380971057
        ]
      },
      "disease_within_contrast": {
        "auc": 0.6774421897121284,
        "ci95": [
          0.5532468616051757,
          0.800176219137657
        ]
      },
      "n_nonph": 80,
      "n_contrast": 189
    }
  },
  "delta": {
    "protocol_auc": 0.042735042735042694,
    "disease_auc": -0.07503539405379889
  }
}