{
  "baseline (\u03bb=0)": {
    "n_nonph": 80,
    "n_contrast": 189,
    "protocol_auc": {
      "mean": 0.8155270655270656,
      "ci95": [
        0.7198758813870376,
        0.9025640232108316
      ]
    },
    "disease_auc": {
      "mean": 0.7524775837659273,
      "ci95": [
        0.6252150402584852,
        0.8640831540724255
      ]
    }
  },
  "\u03bb=0.5": {
    "n_nonph": 80,
    "n_contrast": 189,
    "protocol_auc": {
      "mean": 0.8582621082621082,
      "ci95": [
        0.7749700436862907,
        0.9309107380971057
      ]
    },
    "disease_auc": {
      "mean": 0.6774421897121284,
      "ci95": [
        0.5532468616051757,
        0.800176219137657
      ]
    }
  },
  "\u03bb=1.0": {
    "n_nonph": 80,
    "n_contrast": 189,
    "protocol_auc": {
      "mean": 0.8155270655270656,
      "ci95": [
        0.715314401622718,
        0.9077164323132065
      ]
    },
    "disease_auc": {
      "mean": 0.6840490797546013,
      "ci95": [
        0.5461016030229725,
        0.8148220252541238
      ]
    }
  },
  "\u03bb=2.0": {
    "n_nonph": 80,
    "n_contrast": 189,
    "protocol_auc": {
      "mean": 0.8233618233618234,
      "ci95": [
        0.7324955808080809,
        0.9077106174717731
      ]
    },
    "disease_auc": {
      "mean": 0.6359131665880132,
      "ci95": [
        0.49880776453035974,
        0.7705556835047853
      ]
    }
  },
  "\u03bb=5.0": {
    "n_nonph": 80,
    "n_contrast": 189,
    "protocol_auc": {
      "mean": 0.8162393162393162,
      "ci95": [
        0.7292131483600305,
        0.9000103021978022
      ]
    },
    "disease_auc": {
      "mean": 0.6663520528551203,
      "ci95": [
        0.531428340064658,
        0.7978089997281341
      ]
    }
  }
}