{
  "n_total": 290,
  "n_features": 78,
  "T1_disease_auc_by_stratum": {
    "within_contrast_n190": {
      "n": 190,
      "n_pos": 163,
      "n_neg": 27,
      "auc_mean": 0.710409090909091,
      "auc_std": 0.06613941664826657,
      "auc_per_seed": [
        0.7008901515151515,
        0.7383522727272728,
        0.7653409090909091,
        0.5862878787878788,
        0.7611742424242424
      ]
    },
    "full_cohort_n290": {
      "n": 290,
      "n_pos": 163,
      "n_neg": 127,
      "auc_mean": 0.8862203962703962,
      "auc_std": 0.005889993373575513,
      "auc_per_seed": [
        0.8852156177156176,
        0.8883997668997669,
        0.886780303030303,
        0.894460372960373,
        0.8762459207459207
      ]
    }
  },
  "T2_protocol_auc_within_nonph": {
    "n": 127,
    "auc_mean": 0.9117333333333333,
    "auc_std": 0.008718817452944961,
    "auc_per_seed": [
      0.9193333333333333,
      0.9176666666666666,
      0.8983333333333334,
      0.9190000000000002,
      0.9043333333333333
    ]
  },
  "T3_multiseed_coral": {
    "protocol_auc_post_coral": {
      "mean": 0.04146666666666667,
      "std": 0.010290448645872212,
      "per_seed": [
        0.038666666666666676,
        0.04933333333333334,
        0.024333333333333353,
        0.054333333333333345,
        0.04066666666666667
      ]
    },
    "within_contrast_disease_auc_post_coral": {
      "mean": 0.710409090909091,
      "std": 0.06613941664826657,
      "per_seed": [
        0.7008901515151515,
        0.7383522727272728,
        0.7653409090909091,
        0.5862878787878788,
        0.7611742424242424
      ]
    }
  },
  "verdict": {
    "protocol_auc_drop_post_coral": 0.8702666666666666,
    "disease_auc_change_post_coral": 0.0,
    "deconfounding_works": true,
    "biology_survives": true
  }
}