{
  "n_features": 78,
  "n_cohort": 290,
  "within_contrast_baseline": {
    "auc_mean_seedmean": 0.710409090909091,
    "auc_std_seedstd": 0.06613941664826657,
    "all_25_folds": [
      0.59375,
      0.6197916666666666,
      0.8121212121212121,
      0.7030303030303031,
      0.7757575757575758,
      0.7916666666666666,
      0.8697916666666666,
      0.7515151515151515,
      0.6363636363636364,
      0.6424242424242425,
      0.7760416666666667,
      0.8385416666666665,
      0.7212121212121212,
      0.7757575757575759,
      0.7151515151515151,
      0.4375,
      0.5,
      0.6909090909090909,
      0.8363636363636364,
      0.4666666666666667,
      0.8229166666666666,
      0.7708333333333333,
      0.6060606060606061,
      0.7272727272727273,
      0.8787878787878788
    ],
    "fold_min": 0.4375,
    "fold_max": 0.8787878787878788,
    "n_ph": 163,
    "n_nonph": 27,
    "bootstrap_500": {
      "n_succeed": 500,
      "mean": 0.8549304979994324,
      "ci95_lo": 0.7287615864527629,
      "ci95_hi": 0.94798304528923
    }
  },
  "protocol_auc_no_coral_oriented": {
    "mean": 0.9117333333333333,
    "std": 0.07129980520465828
  },
  "protocol_auc_nested_univariate_coral_oriented": {
    "mean": 0.9117333333333333,
    "std": 0.07129980520465828
  },
  "verdict": {
    "within_contrast_disease_auc": 0.710409090909091,
    "within_contrast_disease_ci95": [
      0.7287615864527629,
      0.94798304528923
    ],
    "fold_min": 0.4375,
    "fold_max": 0.8787878787878788,
    "protocol_leakage_pre": 0.9117333333333333,
    "protocol_leakage_post_nested_uni_coral": 0.9117333333333333,
    "deconfounding_drop": 0.0
  }
}