{
  "n_cohort": 190,
  "spearman_results": {
    "artery_len_p25": {
      "n": 102,
      "rho": -0.2112220278002253,
      "p": 0.0330848132879842,
      "n_ph": 75,
      "n_nonph": 27
    },
    "artery_len_p50": {
      "n": 102,
      "rho": -0.2806033432271303,
      "p": 0.004281293702190949,
      "n_ph": 75,
      "n_nonph": 27
    },
    "artery_tort_p10": {
      "n": 102,
      "rho": -0.1356707156197895,
      "p": 0.1739516866986123,
      "n_ph": 75,
      "n_nonph": 27
    },
    "vein_len_p25": {
      "n": 102,
      "rho": -0.1294438786932358,
      "p": 0.19474482545606883,
      "n_ph": 75,
      "n_nonph": 27
    }
  },
  "contrast_only_PH_vs_nonPH": {
    "artery_len_p25": {
      "cohen_d": -0.29813491809669346,
      "mwu_p": 0.01333115766408078,
      "n_ph": 163,
      "n_nonph": 27,
      "ph_mean": 5.329594962070325,
      "nonph_mean": 5.897202924445823
    },
    "artery_len_p50": {
      "cohen_d": -0.47319216445278584,
      "mwu_p": 0.0009591322267160963,
      "n_ph": 163,
      "n_nonph": 27,
      "ph_mean": 9.39597810850553,
      "nonph_mean": 10.735365320135045
    },
    "artery_tort_p10": {
      "cohen_d": -0.369992987882687,
      "mwu_p": 0.03154720501458043,
      "n_ph": 163,
      "n_nonph": 27,
      "ph_mean": 1.017042825119627,
      "nonph_mean": 1.0257177269017257
    },
    "vein_len_p25": {
      "cohen_d": -0.7118124030647498,
      "mwu_p": 0.11600124781108867,
      "n_ph": 163,
      "n_nonph": 27,
      "ph_mean": 5.815198774718068,
      "nonph_mean": 8.068689902623495
    }
  },
  "legacy_R18B_rho": -0.767,
  "unified_R20H_rho": -0.2112220278002253,
  "delta_rho": 0.5557779721997747,
  "sign_preserved": true,
  "effect_preserved_within_0_2": false
}