{
  "variant": "medium_youden_rep",
  "mode": "pulmonary_gcn",
  "repeats": 3,
  "seed_base": 42,
  "use_focal": true,
  "node_drop_p": 0.1,
  "mpap_aux": true,
  "mpap_aux_weight": 0.1,
  "use_youden": true,
  "splits_file": "data/splits_gold.json",
  "labels_file": "data/labels_gold.csv",
  "n_cases": 106,
  "results": {
    "folds": [
      {
        "threshold": 0.47541311383247375,
        "accuracy": 1.0,
        "f1": 1.0,
        "precision": 1.0,
        "recall": 1.0,
        "sensitivity": 1.0,
        "specificity": 1.0,
        "auc": 1.0,
        "fold": 0,
        "repeat": 0,
        "accuracy_argmax": 0.6363636363636364,
        "f1_argmax": 0.6666666666666666,
        "precision_argmax": 1.0,
        "recall_argmax": 0.5,
        "sensitivity_argmax": 0.5,
        "specificity_argmax": 1.0,
        "threshold_argmax": 0.5
      },
      {
        "threshold": 0.2752813994884491,
        "accuracy": 0.9523809523809523,
        "f1": 0.9696969696969697,
        "precision": 0.9411764705882353,
        "recall": 1.0,
        "sensitivity": 1.0,
        "specificity": 0.8,
        "auc": 0.9375,
        "fold": 1,
        "repeat": 0,
        "accuracy_argmax": 0.5714285714285714,
        "f1_argmax": 0.6086956521739131,
        "precision_argmax": 1.0,
        "recall_argmax": 0.4375,
        "sensitivity_argmax": 0.4375,
        "specificity_argmax": 1.0,
        "threshold_argmax": 0.5
      },
      {
        "threshold": 0.7326303720474243,
        "accuracy": 0.6190476190476191,
        "f1": 0.6666666666666666,
        "precision": 1.0,
        "recall": 0.5,
        "sensitivity": 0.5,
        "specificity": 1.0,
        "auc": 0.7375,
        "fold": 2,
        "repeat": 0,
        "accuracy_argmax": 0.6190476190476191,
        "f1_argmax": 0.7142857142857143,
        "precision_argmax": 0.8333333333333334,
        "recall_argmax": 0.625,
        "sensitivity_argmax": 0.625,
        "specificity_argmax": 0.6,
        "threshold_argmax": 0.5
      },
      {
        "threshold": 0.29280760884284973,
        "accuracy": 0.9047619047619048,
        "f1": 0.9375,
        "precision": 0.9375,
        "recall": 0.9375,
        "sensitivity": 0.9375,
        "specificity": 0.8,
        "auc": 0.9125,
        "fold": 3,
        "repeat": 0,
        "accuracy_argmax": 0.7142857142857143,
        "f1_argmax": 0.7857142857142857,
        "precision_argmax": 0.9166666666666666,
        "recall_argmax": 0.6875,
        "sensitivity_argmax": 0.6875,
        "specificity_argmax": 0.8,
        "threshold_argmax": 0.5
      },
      {
        "threshold": 0.4370127022266388,
        "accuracy": 0.8095238095238095,
        "f1": 0.8461538461538461,
        "precision": 1.0,
        "recall": 0.7333333333333333,
        "sensitivity": 0.7333333333333333,
        "specificity": 1.0,
        "auc": 0.9333333333333333,
        "fold": 4,
        "repeat": 0,
        "accuracy_argmax": 0.5714285714285714,
        "f1_argmax": 0.5714285714285714,
        "precision_argmax": 1.0,
        "recall_argmax": 0.4,
        "sensitivity_argmax": 0.4,
        "specificity_argmax": 1.0,
        "threshold_argmax": 0.5
      },
      {
        "threshold": 0.41871368885040283,
        "accuracy": 0.9545454545454546,
        "f1": 0.967741935483871,
        "precision": 1.0,
        "recall": 0.9375,
        "sensitivity": 0.9375,
        "specificity": 1.0,
        "auc": 0.9895833333333334,
        "fold": 0,
        "repeat": 1,
        "accuracy_argmax": 0.8181818181818182,
        "f1_argmax": 0.8571428571428571,
        "precision_argmax": 1.0,
        "recall_argmax": 0.75,
        "sensitivity_argmax": 0.75,
        "specificity_argmax": 1.0,
        "threshold_argmax": 0.5
      },
      {
        "threshold": 0.3861551880836487,
        "accuracy": 0.7142857142857143,
        "f1": 0.7857142857142857,
        "precision": 0.9166666666666666,
        "recall": 0.6875,
        "sensitivity": 0.6875,
        "specificity": 0.8,
        "auc": 0.7250000000000001,
        "fold": 1,
        "repeat": 1,
        "accuracy_argmax": 0.47619047619047616,
        "f1_argmax": 0.5217391304347826,
        "precision_argmax": 0.8571428571428571,
        "recall_argmax": 0.375,
        "sensitivity_argmax": 0.375,
        "specificity_argmax": 0.8,
        "threshold_argmax": 0.5
      },
      {
        "threshold": 0.32824933528900146,
        "accuracy": 0.7619047619047619,
        "f1": 0.8148148148148148,
        "precision": 1.0,
        "recall": 0.6875,
        "sensitivity": 0.6875,
        "specificity": 1.0,
        "auc": 0.8375000000000001,
        "fold": 2,
        "repeat": 1,
        "accuracy_argmax": 0.2857142857142857,
        "f1_argmax": 0.11764705882352941,
        "precision_argmax": 1.0,
        "recall_argmax": 0.0625,
        "sensitivity_argmax": 0.0625,
        "specificity_argmax": 1.0,
        "threshold_argmax": 0.5
      },
      {
        "threshold": 0.4044112265110016,
        "accuracy": 0.8571428571428571,
        "f1": 0.9032258064516129,
        "precision": 0.9333333333333333,
        "recall": 0.875,
        "sensitivity": 0.875,
        "specificity": 0.8,
        "auc": 0.8875,
        "fold": 3,
        "repeat": 1,
        "accuracy_argmax": 0.5714285714285714,
        "f1_argmax": 0.6086956521739131,
        "precision_argmax": 1.0,
        "recall_argmax": 0.4375,
        "sensitivity_argmax": 0.4375,
        "specificity_argmax": 1.0,
        "threshold_argmax": 0.5
      },
      {
        "threshold": 0.4384046792984009,
        "accuracy": 0.7142857142857143,
        "f1": 0.75,
        "precision": 1.0,
        "recall": 0.6,
        "sensitivity": 0.6,
        "specificity": 1.0,
        "auc": 0.8111111111111111,
        "fold": 4,
        "repeat": 1,
        "accuracy_argmax": 0.47619047619047616,
        "f1_argmax": 0.42105263157894735,
        "precision_argmax": 1.0,
        "recall_argmax": 0.26666666666666666,
        "sensitivity_argmax": 0.26666666666666666,
        "specificity_argmax": 1.0,
        "threshold_argmax": 0.5
      },
      {
        "threshold": 0.3807181417942047,
        "accuracy": 0.8636363636363636,
        "f1": 0.896551724137931,
        "precision": 1.0,
        "recall": 0.8125,
        "sensitivity": 0.8125,
        "specificity": 1.0,
        "auc": 0.90625,
        "fold": 0,
        "repeat": 2,
        "accuracy_argmax": 0.36363636363636365,
        "f1_argmax": 0.2222222222222222,
        "precision_argmax": 1.0,
        "recall_argmax": 0.125,
        "sensitivity_argmax": 0.125,
        "specificity_argmax": 1.0,
        "threshold_argmax": 0.5
      },
      {
        "threshold": 0.4919590950012207,
        "accuracy": 0.7619047619047619,
        "f1": 0.8275862068965517,
        "precision": 0.9230769230769231,
        "recall": 0.75,
        "sensitivity": 0.75,
        "specificity": 0.8,
        "auc": 0.7749999999999999,
        "fold": 1,
        "repeat": 2,
        "accuracy_argmax": 0.7142857142857143,
        "f1_argmax": 0.7857142857142857,
        "precision_argmax": 0.9166666666666666,
        "recall_argmax": 0.6875,
        "sensitivity_argmax": 0.6875,
        "specificity_argmax": 0.8,
        "threshold_argmax": 0.5
      },
      {
        "threshold": 0.29840755462646484,
        "accuracy": 1.0,
        "f1": 1.0,
        "precision": 1.0,
        "recall": 1.0,
        "sensitivity": 1.0,
        "specificity": 1.0,
        "auc": 1.0,
        "fold": 2,
        "repeat": 2,
        "accuracy_argmax": 0.6190476190476191,
        "f1_argmax": 0.6666666666666666,
        "precision_argmax": 1.0,
        "recall_argmax": 0.5,
        "sensitivity_argmax": 0.5,
        "specificity_argmax": 1.0,
        "threshold_argmax": 0.5
      },
      {
        "threshold": 0.47313401103019714,
        "accuracy": 1.0,
        "f1": 1.0,
        "precision": 1.0,
        "recall": 1.0,
        "sensitivity": 1.0,
        "specificity": 1.0,