{
  "per_lambda": {
    "lambda_0.0": {
      "n_full": 80,
      "n_corrected": 68,
      "n_excluded_seg_fail": 12,
      "full_cohort": {
        "lr_auc": 0.8782051282051282,
        "lr_ci95": [
          0.7884615384615385,
          0.9501424501424501
        ],
        "mlp_auc": 0.863960113960114,
        "mlp_ci95": [
          0.7727920227920229,
          0.9373397435897434
        ]
      },
      "corrected_cohort": {
        "lr_auc": 0.8910256410256411,
        "lr_ci95": [
          0.7957875457875458,
          0.967032967032967
        ],
        "mlp_auc": 0.8782051282051282,
        "mlp_ci95": [
          0.7765567765567767,
          0.9606227106227107
        ]
      }
    },
    "lambda_1.0": {
      "n_full": 80,
      "n_corrected": 68,
      "n_excluded_seg_fail": 12,
      "full_cohort": {
        "lr_auc": 0.7717236467236468,
        "lr_ci95": [
          0.655982905982906,
          0.8725071225071225
        ],
        "mlp_auc": 0.8265669515669516,
        "mlp_ci95": [
          0.722934472934473,
          0.9095619658119656
        ]
      },
      "corrected_cohort": {
        "lr_auc": 0.7907509157509157,
        "lr_ci95": [
          0.6726190476190477,
          0.8919413919413919
        ],
        "mlp_auc": 0.7934981684981686,
        "mlp_ci95": [
          0.6726190476190476,
          0.8928571428571428
        ]
      }
    },
    "lambda_5.0": {
      "n_full": 80,
      "n_corrected": 68,
      "n_excluded_seg_fail": 12,
      "full_cohort": {
        "lr_auc": 0.8027065527065527,
        "lr_ci95": [
          0.695868945868946,
          0.8967236467236467
        ],
        "mlp_auc": 0.8454415954415955,
        "mlp_ci95": [
          0.7535612535612536,
          0.9195156695156694
        ]
      },
      "corrected_cohort": {
        "lr_auc": 0.826923076923077,
        "lr_ci95": [
          0.7188415750915751,
          0.9203296703296703
        ],
        "mlp_auc": 0.825091575091575,
        "mlp_ci95": [
          0.719757326007326,
          0.9157509157509157
        ]
      }
    },
    "lambda_10.0": {
      "n_full": 80,
      "n_corrected": 68,
      "n_excluded_seg_fail": 12,
      "full_cohort": {
        "lr_auc": 0.8183760683760684,
        "lr_ci95": [
          0.7157941595441596,
          0.905982905982906
        ],
        "mlp_auc": 0.8148148148148149,
        "mlp_ci95": [
          0.7143874643874644,
          0.8995726495726496
        ]
      },
      "corrected_cohort": {
        "lr_auc": 0.8012820512820513,
        "lr_ci95": [
          0.6840430402930402,
          0.9047619047619048
        ],
        "mlp_auc": 0.816849816849817,
        "mlp_ci95": [
          0.7042124542124543,
          0.9121108058608056
        ]
      }
    }
  },
  "n_excluded_seg_fails": 38
}