{
  "per_lambda": {
    "lambda_0.0": {
      "n_seeds": 3,
      "protocol_lr_corrected": {
        "values": [
          0.8910256410256411,
          0.8122710622710623,
          0.8818681318681318
        ],
        "mean": 0.8617216117216118,
        "sd": 0.04306950921723388
      },
      "protocol_mlp_corrected": {
        "values": [
          0.8782051282051282,
          0.8333333333333333,
          0.8978937728937729
        ],
        "mean": 0.8698107448107448,
        "sd": 0.033088696612109406
      },
      "disease_auc_meta": {
        "values": [
          0.9340002970885324,
          0.9362589126559715,
          0.9316971182412359
        ],
        "mean": 0.9339854426619132,
        "sd": 0.0022809334845783724
      }
    },
    "lambda_1.0": {
      "n_seeds": 3,
      "protocol_lr_corrected": {
        "values": [
          0.7907509157509157,
          0.7142857142857143,
          0.6236263736263736
        ],
        "mean": 0.7095543345543346,
        "sd": 0.08366267154894316
      },
      "protocol_mlp_corrected": {
        "values": [
          0.7934981684981686,
          0.6941391941391941,
          0.7687728937728938
        ],
        "mean": 0.7521367521367521,
        "sd": 0.051726418325843515
      },
      "disease_auc_meta": {
        "values": [
          0.9330020796197267,
          0.9319741532976826,
          0.9319318181818183
        ],
        "mean": 0.9323026836997426,
        "sd": 0.0006060643985392091
      }
    },
    "lambda_5.0": {
      "n_seeds": 3,
      "protocol_lr_corrected": {
        "values": [
          0.826923076923077,
          0.7234432234432234,
          0.6648351648351648
        ],
        "mean": 0.7384004884004884,
        "sd": 0.08207260592003922
      },
      "protocol_mlp_corrected": {
        "values": [
          0.825091575091575,
          0.8058608058608059,
          0.6785714285714286
        ],
        "mean": 0.7698412698412698,
        "sd": 0.0796247044915602
      },
      "disease_auc_meta": {
        "values": [
          0.9330087641117053,
          0.9318917112299465,
          0.9335635769459298
        ],
        "mean": 0.9328213507625271,
        "sd": 0.0008515436369662546
      }
    },
    "lambda_10.0": {
      "n_seeds": 3,
      "protocol_lr_corrected": {
        "values": [
          0.8012820512820513,
          0.6785714285714285,
          0.782967032967033
        ],
        "mean": 0.7542735042735043,
        "sd": 0.0661963984909449
      },
      "protocol_mlp_corrected": {
        "values": [
          0.816849816849817,
          0.6703296703296703,
          0.7875457875457875
        ],
        "mean": 0.7582417582417582,
        "sd": 0.07753117395061077
      },
      "disease_auc_meta": {
        "values": [
          0.9310895721925133,
          0.9300935828877005,
          0.9324413250148545
        ],
        "mean": 0.9312081600316895,
        "sd": 0.0011783550316453045
      }
    }
  },
  "per_seed": {
    "coral_l0.0_s42": {
      "n_full": 80,
      "n_corrected": 68,
      "n_excluded_seg_fail": 12,
      "full_cohort": {
        "lr_auc": 0.8782051282051282,
        "lr_ci95": [
          0.7884615384615385,
          0.9501424501424501
        ],
        "mlp_auc": 0.863960113960114,
        "mlp_ci95": [
          0.7727920227920229,
          0.9373397435897434
        ]
      },
      "corrected_cohort": {
        "lr_auc": 0.8910256410256411,
        "lr_ci95": [
          0.7957875457875458,
          0.967032967032967
        ],
        "mlp_auc": 0.8782051282051282,
        "mlp_ci95": [
          0.7765567765567767,
          0.9606227106227107
        ]
      },
      "disease_auc_5fold": {
        "per_fold_auc": [
          0.9080882352941176,
          0.9625,
          0.9474747474747476,
          0.9750445632798573,
          0.8768939393939394
        ],
        "mean": 0.9340002970885324,
        "std": 0.0406540179503121
      }
    },
    "coral_l0.0_s1042": {
      "n_full": 80,
      "n_corrected": 68,
      "n_excluded_seg_fail": 12,
      "full_cohort": {
        "lr_auc": 0.8881766381766382,
        "lr_ci95": [
          0.8098290598290598,
          0.9515669515669516
        ],
        "mlp_auc": 0.8703703703703705,
        "mlp_ci95": [
          0.784900284900285,
          0.9415954415954416
        ]
      },
      "corrected_cohort": {
        "lr_auc": 0.8122710622710623,
        "lr_ci95": [
          0.7014423076923076,
          0.907532051282051
        ],
        "mlp_auc": 0.8333333333333333,
        "mlp_ci95": [
          0.7298534798534799,
          0.9203525641025638
        ]
      },
      "disease_auc_5fold": {
        "per_fold_auc": [
          0.9099264705882353,
          0.9583333333333334,
          0.9515151515151515,
          0.9732620320855615,
          0.8882575757575757
        ],
        "mean": 0.9362589126559715,
        "std": 0.03566086639852563
      }
    },
    "coral_l0.0_s2042": {
      "n_full": 80,
      "n_corrected": 68,
      "n_excluded_seg_fail": 12,
      "full_cohort": {
        "lr_auc": 0.8803418803418804,
        "lr_ci95": [
          0.7927350427350428,
          0.9494480056980055
        ],
        "mlp_auc": 0.8945868945868946,
        "mlp_ci95": [
          0.8126780626780628,
          0.9608262108262108
        ]
      },
      "corrected_cohort": {
        "lr_auc": 0.8818681318681318,
        "lr_ci95": [
          0.7957875457875458,
          0.9523809523809524
        ],
        "mlp_auc": 0.8978937728937729,
        "mlp_ci95": [
          0.8131868131868132,
          0.9642857142857142
        ]
      },
      "disease_auc_5fold": {
        "per_fold_auc": [
          0.9007352941176471,
          0.95625,
          0.9434343434343435,
          0.9679144385026737,
          0.8901515151515151
        ],
        "mean": 0.9316971182412359,
        "std": 0.03441283348535029
      }
    },
    "coral_l1.0_s42": {
      "n_full": 80,
      "n_corrected": 68,
      "n_excluded_seg_fail": 12,
      "full_cohort": {
        "lr_auc": 0.7717236467236468,
        "lr_ci95": [
          0.655982905982906,
          0.8725071225071225
        ],
        "mlp_auc": 0.8265669515669516,
        "mlp_ci95": [
          0.722934472934473,
          0.9095619658119656
        ]
      },
      "corrected_cohort": {
        "lr_auc": 0.7907509157509157,
        "lr_ci95": [
          0.6726190476190477,
          0.8919413919413919
        ],
        "mlp_auc": 0.7934981684981686,
        "mlp_ci95": [
          0.6726190476190476,
          0.8928571428571428
        ]
      },
      "disease_auc_5fold": {
        "per_fold_auc": [
          0.90625,
          0.9645833333333333,
          0.9474747474747476,
          0.9679144385026738,
          0.8787878787878788
        ],
        "mean": 0.9330020796197267,
        "std": 0.03898897228561166
      }
    },
    "coral_l1.0_s1042": {
      "n_full": 80,
      "n_corrected": 68,
      "n_excluded_seg_fail": 12,
      "full_cohort": {
        "lr_auc": 0.7777777777777778,
        "lr_ci95": [
          0.6623931623931624,
          0.8810719373219371
        ],
        "mlp_auc": 0.797008547008547,
        "mlp_ci95": [
          0.6887286324786326,
          0.8931623931623932
        ]
      },
      "corrected_cohort": {
        "lr_auc": 0.7142857142857143,
        "lr_ci95": [
          0.576923076923077,
          0.8424908424908424
        ],
        "mlp_auc": 0.6941391941391941,
        "mlp_ci95": [
          0.5521978021978022,
          0.8241758241758241
        ]
      },
      "disease_auc_5fold": {
        "per_fold_auc": [
          0.9044117647058822,
          0.9541666666666667,
          0.9454545454545455,
          0.9732620320855614,
          0.8825757575757576
        ],
        "mean": 0.9319741532976826,
        "std": 0.037345696947316535
      }
    },
    "coral_l1.0_s2042": {
      "n_full": 80,
      "n_corrected": 68,