{
  "runs": {
    "l0.0_s42": {
      "n_nonph": 80,
      "n_contrast": 189,
      "protocol_lr": {
        "auc": 0.8404558404558404,
        "ci95": [
          0.7485097989667565,
          0.9182616611257429
        ]
      },
      "protocol_mlp": {
        "auc": 0.8372507122507122,
        "ci95": [
          0.7385593724775521,
          0.9216308163471678
        ]
      },
      "disease_lr": {
        "auc": 0.7243983010854176,
        "ci95": [
          0.6023587127158556,
          0.8275173666068727
        ]
      }
    },
    "l0.0_s1042": {
      "n_nonph": 80,
      "n_contrast": 189,
      "protocol_lr": {
        "auc": 0.8205128205128205,
        "ci95": [
          0.7241665157998683,
          0.905464861379755
        ]
      },
      "protocol_mlp": {
        "auc": 0.8027065527065528,
        "ci95": [
          0.701813649891775,
          0.8953166666666666
        ]
      },
      "disease_lr": {
        "auc": 0.7380840018876829,
        "ci95": [
          0.6416752867639147,
          0.8270768148361957
        ]
      }
    },
    "l0.0_s2042": {
      "n_nonph": 80,
      "n_contrast": 189,
      "protocol_lr": {
        "auc": 0.8831908831908832,
        "ci95": [
          0.8012101235478518,
          0.9510881731471245
        ]
      },
      "protocol_mlp": {
        "auc": 0.8995726495726496,
        "ci95": [
          0.8220991840887486,
          0.9607853611530083
        ]
      },
      "disease_lr": {
        "auc": 0.7317130722038698,
        "ci95": [
          0.6210120499419282,
          0.8287063450716454
        ]
      }
    },
    "l1.0_s42": {
      "n_nonph": 80,
      "n_contrast": 189,
      "protocol_lr": {
        "auc": 0.8938746438746439,
        "ci95": [
          0.811088876806104,
          0.9558438155136268
        ]
      },
      "protocol_mlp": {
        "auc": 0.8746438746438746,
        "ci95": [
          0.7748184019370461,
          0.9504209436635066
        ]
      },
      "disease_lr": {
        "auc": 0.6479471448796603,
        "ci95": [
          0.5135971995403134,
          0.7713806998249846
        ]
      }
    },
    "l1.0_s1042": {
      "n_nonph": 80,
      "n_contrast": 189,
      "protocol_lr": {
        "auc": 0.836894586894587,
        "ci95": [
          0.7447815190605889,
          0.9186277420182565
        ]
      },
      "protocol_mlp": {
        "auc": 0.9024216524216524,
        "ci95": [
          0.8275696286472148,
          0.963166144200627
        ]
      },
      "disease_lr": {
        "auc": 0.7397357243983012,
        "ci95": [
          0.6392964279533324,
          0.8382894805438438
        ]
      }
    },
    "l1.0_s2042": {
      "n_nonph": 80,
      "n_contrast": 189,
      "protocol_lr": {
        "auc": 0.858974358974359,
        "ci95": [
          0.7578007899507899,
          0.9362456281947807
        ]
      },
      "protocol_mlp": {
        "auc": 0.878917378917379,
        "ci95": [
          0.7909930650703356,
          0.951289460769645
        ]
      },
      "disease_lr": {
        "auc": 0.6649362907031618,
        "ci95": [
          0.5414559931642485,
          0.7757459905364096
        ]
      }
    },
    "l5.0_s42": {
      "n_nonph": 80,
      "n_contrast": 189,
      "protocol_lr": {
        "auc": 0.8418803418803419,
        "ci95": [
          0.7457682103013621,
          0.9245036755593293
        ]
      },
      "protocol_mlp": {
        "auc": 0.8411680911680912,
        "ci95": [
          0.7532025638136185,
          0.9195162835249042
        ]
      },
      "disease_lr": {
        "auc": 0.5788107597923549,
        "ci95": [
          0.4387765586903518,
          0.7069359106048565
        ]
      }
    },
    "l5.0_s1042": {
      "n_nonph": 80,
      "n_contrast": 189,
      "protocol_lr": {
        "auc": 0.8212250712250713,
        "ci95": [
          0.7258942610062893,
          0.9014913589206042
        ]
      },
      "protocol_mlp": {
        "auc": 0.8016381766381766,
        "ci95": [
          0.6793309800128948,
          0.909632263922518
        ]
      },
      "disease_lr": {
        "auc": 0.6892402076451156,
        "ci95": [
          0.5786401010175684,
          0.791045482266133
        ]
      }
    },
    "l5.0_s2042": {
      "n_nonph": 80,
      "n_contrast": 189,
      "protocol_lr": {
        "auc": 0.8069800569800571,
        "ci95": [
          0.704598835744252,
          0.8972330576793052
        ]
      },
      "protocol_mlp": {
        "auc": 0.8867521367521367,
        "ci95": [
          0.8013320512820512,
          0.9532640206004892
        ]
      },
      "disease_lr": {
        "auc": 0.7036337895233601,
        "ci95": [
          0.5988078274222316,
          0.8081172526885434
        ]
      }
    },
    "l10.0_s42": {
      "n_nonph": 80,
      "n_contrast": 189,
      "protocol_lr": {
        "auc": 0.7898860398860399,
        "ci95": [
          0.6666552197802198,
          0.8910734111434542
        ]
      },
      "protocol_mlp": {
        "auc": 0.9017094017094017,
        "ci95": [
          0.8161517925247903,
          0.9656771360540628
        ]
      },
      "disease_lr": {
        "auc": 0.6632845681925438,
        "ci95": [
          0.544473581973582,
          0.7819020208740767
        ]
      }
    },
    "l10.0_s1042": {
      "n_nonph": 80,
      "n_contrast": 189,
      "protocol_lr": {
        "auc": 0.7542735042735043,
        "ci95": [
          0.6429821838371725,
          0.8526046468744237
        ]
      },
      "protocol_mlp": {
        "auc": 0.8447293447293447,
        "ci95": [
          0.7386443046820406,
          0.933793059611161
        ]
      },
      "disease_lr": {
        "auc": 0.6179801793298726,
        "ci95": [
          0.5014945012082797,
          0.7290412212158333
        ]
      }
    },
    "l10.0_s2042": {
      "n_nonph": 80,
      "n_contrast": 189,
      "protocol_lr": {
        "auc": 0.8625356125356125,
        "ci95": [
          0.7743511507639532,
          0.9349649486009801
        ]
      },
      "protocol_mlp": {
        "auc": 0.8967236467236467,
        "ci95": [
          0.8057204656381027,
          0.9608330155097888
        ]
      },
      "disease_lr": {
        "auc": 0.651014629542237,
        "ci95": [
          0.5326451891309997,
          0.7660799500317284
        ]
      }
    }
  },
  "aggregated": {
    "lambda_0.0": {
      "n_seeds": 3,
      "protocol_lr": {
        "mean": 0.8480531813865148,
        "sd": 0.03202225128221726,
        "values": [
          0.8404558404558404,
          0.8205128205128205,
          0.8831908831908832
        ]
      },
      "protocol_mlp": {
        "mean": 0.8465099715099714,
        "sd": 0.04909236796122843,
        "values": [
          0.8372507122507122,
          0.8027065527065528,
          0.8995726495726496
        ]
      },
      "disease_lr": {
        "mean": 0.7313984583923233,
        "sd": 0.006848272628925701,
        "values": [
          0.7243983010854176,
          0.7380840018876829,
          0.7317130722038698
        ]
      }
    },
    "lambda_1.0": {
      "n_seeds": 3,
      "protocol_lr": {
        "mean": 0.8632478632478633,
        "sd": 0.028729407450283028,
        "values": [
          0.8938746438746439,
          0.836894586894587,
          0.858974358974359
        ]
      },
      "protocol_mlp": {
        "mean": 0.8853276353276355,
        "sd": 0.014957264957264942,
        "values": [
          0.8746438746438746,
          0.9024216524216524,
          0.878917378917379
        ]
      },
      "disease_lr": {
        "mean": 0.6842063866603745,
        "sd": 0.04883429410939201,
        "values": [
          0.6479471448796603,
          0.7397357243983012,
          0.6649362907031618
        ]
      }
    },
    "lambda_5.0": {
      "n_seeds": 3,
      "protocol_lr": {
        "mean": 0.8233618233618234,
        "sd": 0.01754798432301263,