{
  "emb_shape": [
    243,
    64
  ],
  "subsets": {
    "within_nonph_protocol_on_embeddings": {
      "n": 80,
      "n_contrast": 26,
      "protocol_lr": {
        "mean": 0.833939393939394,
        "ci95": [
          0.738181818181818,
          0.9006060606060606
        ]
      },
      "protocol_gb": {
        "mean": 0.7027272727272728,
        "ci95": [
          0.5945454545454546,
          0.8218181818181819
        ]
      }
    },
    "contrast_only_disease_on_embeddings": {
      "n": 189,
      "disease_lr": {
        "mean": 0.7414015151515152,
        "ci95": [
          0.6084848484848485,
          0.8689015151515151
        ]
      }
    }
  }
}