{
  "GCN": 0.8800000000000001,
  "LR(BV5+Pruning)": 0.8375565610859729,
  "LR(All Radiomics)": 0.8190045248868778
}