{
  "train_loss": [
    0.6899150644138361,
    0.6577154162583078,
    0.6376269943774886,
    0.6539855793023565,
    0.6352069389288593,
    0.6196190490844143,
    0.6161272286609479,
    0.5897551888872863,
    0.5824934232766461,
    0.5341144006723052,
    0.5623071734692641,
    0.4451491122792481,
    0.4993913371092195,
    0.508517277848189,
    0.49699126155513107,
    0.4558067754575401,
    0.48826184678988854,
    0.4395363822484472,
    0.45015591610768796,
    0.4722608999841532,
    0.3541351251161782,
    0.3474192273844579,
    0.44146351449808496,
    0.37446089943123473,
    0.45860492950601944,
    0.37638827816695924,
    0.36749096452050906,
    0.37802522710174513,
    0.34926691366608736,
    0.32121665956108436,
    0.3807907670166842,
    0.36019831212462894,
    0.31552675632154864,
    0.3249164715314367,
    0.356893885667157,
    0.39730356021481716,
    0.38836913892797603,
    0.304790615655814,
    0.36803077132838546,
    0.27590767246712544,
    0.23276116006123793,
    0.317248727105985,
    0.27673773818714603,
    0.20491641380225017,
    0.35291020657606187,
    0.2674382938321229,
    0.26271220035613724,
    0.28218220079400735,
    0.2774075485149007,
    0.3198650111058715,
    0.27441294889920836,
    0.33900646495211656
  ],
  "val_loss": [
    0.6324201941490173,
    0.6120842456817627,
    0.5807428956031799,
    0.5586904525756836,
    0.5379311621189118,
    0.5811836242675781,
    0.5186067342758178,
    0.49374820590019225,
    0.48799278736114504,
    0.44149922728538515,
    0.49079148173332215,
    0.40321302115917207,
    0.40040733814239504,
    0.33349653482437136,
    0.49229187071323394,
    0.4145761996507645,
    0.3227924644947052,
    0.3789821833372116,
    0.45225948095321655,
    0.4309225767850876,
    0.37637521475553515,
    0.3574487045407295,
    0.38887708336114885,
    0.34878036826848985,
    0.46088340878486633,
    0.35182555168867113,
    0.3196930654346943,
    0.41505090296268465,
    0.36306947469711304,
    0.3171826250851154,
    0.3146288201212883,
    0.2813438937067986,
    0.3243617005646229,
    0.35946375876665115,
    0.36223873794078826,
    0.5115196615457535,
    0.3379187427461147,
    0.3164350874722004,
    0.3305989980697632,
    0.32506806403398514,
    0.3115236945450306,
    0.3579001881182194,
    0.3208568744361401,
    0.29670091085135936,
    0.37138756588101385,
    0.3324412405490875,
    0.32095478996634486,
    0.4030552342534065,
    0.38992703408002855,
    0.360320945084095,
    0.3394029438495636,
    0.34560121819376943
  ],
  "val_auc": [
    0.6823529411764706,
    0.7647058823529411,
    0.8,
    0.9,
    0.9117647058823528,
    0.9058823529411765,
    0.8529411764705882,
    0.8999999999999999,
    0.9058823529411765,
    0.8999999999999999,
    0.9294117647058823,
    0.9529411764705882,
    0.9117647058823529,
    0.9352941176470588,
    0.8705882352941176,
    0.9058823529411765,
    0.8117647058823529,
    0.8235294117647058,
    0.7941176470588236,
    0.8529411764705882,
    0.8411764705882353,
    0.8999999999999999,
    0.8058823529411765,
    0.8529411764705882,
    0.8705882352941177,
    0.8705882352941177,
    0.8764705882352941,
    0.8705882352941177,
    0.788235294117647,
    0.8941176470588235,
    0.8294117647058824,
    0.9,
    0.8529411764705882,
    0.8823529411764707,
    0.8294117647058823,
    0.8647058823529411,
    0.888235294117647,
    0.8764705882352941,
    0.8176470588235294,
    0.8294117647058824,
    0.8470588235294118,
    0.9117647058823529,
    0.8941176470588236,
    0.8411764705882353,
    0.8529411764705882,
    0.8529411764705883,
    0.8058823529411765,
    0.8588235294117648,
    0.7941176470588235,
    0.8823529411764706,
    0.8588235294117647,
    0.8647058823529412
  ],
  "val_f1": [
    0.9428571428571428,
    0.8787878787878788,
    0.927536231884058,
    0.9444444444444444,
    0.9295774647887324,
    0.8333333333333334,
    0.9253731343283582,
    0.90625,
    0.9714285714285714,
    0.8787878787878788,
    0.8852459016393442,
    0.9090909090909091,
    0.8888888888888888,
    0.9090909090909091,
    0.8333333333333334,
    0.8888888888888888,
    0.9428571428571428,
    0.9090909090909091,
    0.8923076923076924,
    0.875,
    0.8955223880597015,
    0.8923076923076924,
    0.8571428571428571,
    0.8955223880597015,
    0.8709677419354839,
    0.9090909090909091,
    0.9090909090909091,
    0.90625,
    0.9090909090909091,
    0.8955223880597015,
    0.8955223880597015,
    0.8955223880597015,
    0.8955223880597015,
    0.9230769230769231,
    0.9090909090909091,
    0.847457627118644,
    0.9090909090909091,
    0.9230769230769231,
    0.9117647058823529,
    0.8955223880597015,
    0.9090909090909091,
    0.90625,
    0.9230769230769231,
    0.8955223880597015,
    0.8955223880597015,
    0.8955223880597015,
    0.9117647058823529,
    0.875,
    0.8787878787878788,
    0.9230769230769231,
    0.9230769230769231,
    0.9230769230769231
  ],
  "val_acc": [
    0.8974358974358975,
    0.7948717948717948,
    0.8717948717948718,
    0.8974358974358975,
    0.8717948717948718,
    0.7435897435897436,
    0.8717948717948718,
    0.8461538461538461,
    0.9487179487179487,
    0.7948717948717948,
    0.8205128205128205,
    0.8461538461538461,
    0.8205128205128205,
    0.8461538461538461,
    0.7435897435897436,
    0.8205128205128205,
    0.8974358974358975,
    0.8461538461538461,
    0.8205128205128205,
    0.7948717948717948,
    0.8205128205128205,
    0.8205128205128205,
    0.7692307692307693,
    0.8205128205128205,
    0.7948717948717948,
    0.8461538461538461,
    0.8461538461538461,
    0.8461538461538461,
    0.8461538461538461,
    0.8205128205128205,
    0.8205128205128205,
    0.8205128205128205,
    0.8205128205128205,
    0.8717948717948718,
    0.8461538461538461,
    0.7692307692307693,
    0.8461538461538461,
    0.8717948717948718,
    0.8461538461538461,
    0.8205128205128205,
    0.8461538461538461,
    0.8461538461538461,
    0.8717948717948718,
    0.8205128205128205,
    0.8205128205128205,
    0.8205128205128205,
    0.8461538461538461,
    0.7948717948717948,
    0.7948717948717948,
    0.8717948717948718,
    0.8717948717948718,
    0.8717948717948718
  ]
}