{
  "exp1_borderline": {
    "baseline": {
      "mean": 0.9130476190476191,
      "std": 0.07661287672329367
    },
    "borderline_2x": {
      "mean": 0.8961428571428571,
      "std": 0.0701097940373144
    },
    "borderline_3x": {
      "mean": 0.9053333333333333,
      "std": 0.06455316499685444
    }
  },
  "exp3_feature_sel": {
    "top_10": {
      "mean": 0.8953333333333333,
      "std": 0.05592057860136205
    },
    "top_20": {
      "mean": 0.8855238095238096,
      "std": 0.06828617918417824
    },
    "top_30": {
      "mean": 0.8858095238095238,
      "std": 0.1002619697843306
    },
    "top_50": {
      "mean": 0.9161904761904761,
      "std": 0.0635031736311225
    },
    "top_101": {
      "mean": 0.9183809523809524,
      "std": 0.05605277720327109
    }
  },
  "exp4_ensemble": {
    "RF": {
      "mean": 0.9130476190476191,
      "std": 0.07661287672329367
    },
    "GBT": {
      "mean": 0.6691904761904761,
      "std": 0.09970791811205551
    },
    "LR": {
      "mean": 0.8763809523809524,
      "std": 0.10830443361255371
    },
    "Ensemble": {
      "mean": 0.8712380952380953,
      "std": 0.08718401318014109
    }
  }
}