{
  "clustering": {
    "kmeans_k2": {
      "silhouette": 0.48884297850968556,
      "ari_label": -0.013468312464849185,
      "nmi_label": 0.0003413389962449336,
      "cluster_sizes": [
        85,
        21
      ],
      "cluster_mpap": {
        "0": {
          "mean_mpap": 30.388235294117646,
          "std_mpap": 12.004013169766633,
          "n": 85,
          "ph_rate": 0.7411764705882353
        },
        "1": {
          "mean_mpap": 27.0,
          "std_mpap": 7.982122882685139,
          "n": 21,
          "ph_rate": 0.7619047619047619
        }
      },
      "ari_mpap_tertile": 0.02201276837112755
    },
    "kmeans_k3": {
      "silhouette": 0.5633853866562437,
      "ari_label": -0.0072446066031515875,
      "nmi_label": 0.00042245795988165,
      "cluster_sizes": [
        22,
        63,
        21
      ],
      "cluster_mpap": {
        "0": {
          "mean_mpap": 28.454545454545453,
          "std_mpap": 8.531904150290957,
          "n": 22,
          "ph_rate": 0.7272727272727273
        },
        "1": {
          "mean_mpap": 31.063492063492063,
          "std_mpap": 12.931901020189134,
          "n": 63,
          "ph_rate": 0.746031746031746
        },
        "2": {
          "mean_mpap": 27.0,
          "std_mpap": 7.982122882685139,
          "n": 21,
          "ph_rate": 0.7619047619047619
        }
      },
      "ari_mpap_tertile": 0.015251687032646361
    },
    "kmeans_k4": {
      "silhouette": 0.6210634379095107,
      "ari_label": -0.01134625566209777,
      "nmi_label": 0.0005477020047242012,
      "cluster_sizes": [
        21,
        21,
        22,
        42
      ],
      "cluster_mpap": {
        "0": {
          "mean_mpap": 31.142857142857142,
          "std_mpap": 12.460549992775157,
          "n": 21,
          "ph_rate": 0.7619047619047619
        },
        "1": {
          "mean_mpap": 27.0,
          "std_mpap": 7.982122882685139,
          "n": 21,
          "ph_rate": 0.7619047619047619
        },
        "2": {
          "mean_mpap": 28.454545454545453,
          "std_mpap": 8.531904150290957,
          "n": 22,
          "ph_rate": 0.7272727272727273
        },
        "3": {
          "mean_mpap": 31.023809523809526,
          "std_mpap": 13.161068300896462,
          "n": 42,
          "ph_rate": 0.7380952380952381
        }
      },
      "ari_mpap_tertile": 0.009356958634257544
    },
    "gmm_k2": {
      "silhouette": 0.34720006715855584,
      "ari_label": 0.004432299277323315,
      "nmi_label": 0.0004105314315082411,
      "cluster_sizes": [
        22,
        84
      ],
      "cluster_mpap": {
        "0": {
          "mean_mpap": 28.454545454545453,
          "std_mpap": 8.531904150290957,
          "n": 22,
          "ph_rate": 0.7272727272727273
        },
        "1": {
          "mean_mpap": 30.047619047619047,
          "std_mpap": 12.01874009115285,
          "n": 84,
          "ph_rate": 0.75
        }
      },
      "ari_mpap_tertile": -0.003193789367889778
    },
    "gmm_k3": {
      "silhouette": 0.48461709081420445,
      "ari_label": -0.010358482754066048,
      "nmi_label": 0.0013078337214707675,
      "cluster_sizes": [
        43,
        21,
        42
      ],
      "cluster_mpap": {
        "0": {
          "mean_mpap": 28.348837209302324,
          "std_mpap": 9.632512099426203,
          "n": 43,
          "ph_rate": 0.7209302325581395
        },
        "1": {
          "mean_mpap": 27.0,
          "std_mpap": 7.982122882685139,
          "n": 21,
          "ph_rate": 0.7619047619047619
        },
        "2": {
          "mean_mpap": 32.476190476190474,
          "std_mpap": 13.711722644091104,
          "n": 42,
          "ph_rate": 0.7619047619047619
        }
      },
      "ari_mpap_tertile": 0.018938685928936213
    }
  },
  "attention_profiles": {
    "by_class": {
      "0": {
        "artery": {
          "mean": 0.5043078053880621,
          "std": 0.16882485216273543
        },
        "vein": {
          "mean": 0.2387269597362589,
          "std": 0.1159700207564141
        },
        "airway": {
          "mean": 0.25696522894280927,
          "std": 0.15468795610499347
        }
      },
      "1": {
        "artery": {
          "mean": 0.5233005433331562,
          "std": 0.18830143708683683
        },
        "vein": {
          "mean": 0.22942480284579192,
          "std": 0.1376942260506266
        },
        "airway": {
          "mean": 0.24727465984664998,
          "std": 0.16581081906923356
        }
      }
    },
    "dominant_structure_counts": {
      "artery": 80,
      "vein": 2,
      "airway": 24
    },
    "artery_mpap_correlation": 0.1750122004411681,
    "vein_mpap_correlation": -0.0661296342046195,
    "airway_mpap_correlation": -0.14339024585288124
  }
}