{
  "train_loss": [
    0.6804575175996039,
    0.6509551337570142,
    0.6323485251065273,
    0.6183272805183556,
    0.6094791429817297,
    0.6088265463425095,
    0.5990966995050953,
    0.5314238788975272,
    0.511753478627296,
    0.4876951723341729,
    0.47933687013425647,
    0.4785793294572526,
    0.4679180786108515,
    0.44977644617390483,
    0.4184517696215089,
    0.47718611150790174,
    0.40385642419954776,
    0.37609796520251376,
    0.3900759476385299,
    0.3147321670867835,
    0.43507649573930507,
    0.3887734857334453,
    0.3906248515578592,
    0.3722766322694766,
    0.3547370662544943,
    0.3517620352802763,
    0.43360252175361486,
    0.35351841967956277,
    0.32728276302100745,
    0.38907286505790273,
    0.3748344015448716,
    0.38842882007170637,
    0.3276836910065572,
    0.304888274924011,
    0.30363632833502097,
    0.27398598459875506,
    0.23738130011186478,
    0.29365628729959964,
    0.27755729115574035,
    0.2710906308927354,
    0.22863381690565188,
    0.2552557445255814,
    0.2737788742135285,
    0.32602060353680024,
    0.23172235761763185,
    0.27624444777418855,
    0.2064412861445527,
    0.3491522001612718,
    0.1975846108357618,
    0.3113405440643335,
    0.2638654099528197,
    0.24070747908513257,
    0.21694028459394435,
    0.2053601929716244,
    0.18906576689451363,
    0.2705769407901035,
    0.3296028502807496,
    0.20115993053290496,
    0.1879780271867658,
    0.14728905058875205,
    0.15274971286961986,
    0.17573624270357144,
    0.22559933601670965,
    0.16758889449273895,
    0.2657202973629639,
    0.27027008184202156,
    0.17418637121938596,
    0.22378271077848544,
    0.21703033168224772,
    0.1519957243636915,
    0.1815749552029713
  ],
  "val_loss": [
    0.5857830286026001,
    0.5717496395111084,
    0.5548498392105102,
    0.5143528163433075,
    0.490538614988327,
    0.5212853074073791,
    0.5059707820415497,
    0.526415103673935,
    0.3912267297506332,
    0.4869453847408295,
    0.4277154803276062,
    0.368378210067749,
    0.3315028935670853,
    0.34618417322635653,
    0.30265159010887144,
    0.39636748731136323,
    0.325449138879776,
    0.3123613953590393,
    0.29951030015945435,
    0.28598460406064985,
    0.3494016766548157,
    0.33280095607042315,
    0.4074730694293976,
    0.3256343796849251,
    0.3296551048755646,
    0.35689786821603775,
    0.26851298809051516,
    0.3359774470329285,
    0.2781569167971611,
    0.34234721064567564,
    0.28559212684631347,
    0.334292109310627,
    0.33376242145895957,
    0.3070205256342888,
    0.34592399895191195,
    0.30234079286456106,
    0.27807618901133535,
    0.3132662124931812,
    0.2954325594007969,
    0.3576490513980389,
    0.34587106108665466,
    0.37883552312850954,
    0.27649438604712484,
    0.3322057701647282,
    0.35156603194773195,
    0.32761677727103233,
    0.3565817207098007,
    0.3752887472510338,
    0.3708814010024071,
    0.5839135095477104,
    0.3291904181241989,
    0.39019851535558703,
    0.43864654302597045,
    0.3962561711668968,
    0.3966965161263943,
    0.334975466132164,
    0.47808399200439455,
    0.4167578548192978,
    0.3896326065063477,
    0.4875186651945114,
    0.38319302499294283,
    0.4452041111886501,
    0.3334025666117668,
    0.3809963434934616,
    0.3783060982823372,
    0.4935154914855957,
    0.324672731757164,
    0.31419242918491364,
    0.5004019849002361,
    0.39164152443408967,
    0.3770189955830574
  ],
  "val_auc": [
    0.5235294117647058,
    0.5352941176470588,
    0.5705882352941176,
    0.5764705882352941,
    0.6235294117647059,
    0.6294117647058823,
    0.7058823529411765,
    0.7294117647058823,
    0.8058823529411765,
    0.7588235294117648,
    0.7588235294117647,
    0.7941176470588235,
    0.8647058823529411,
    0.8529411764705882,
    0.8411764705882353,
    0.8823529411764706,
    0.8588235294117647,
    0.8411764705882353,
    0.8529411764705882,
    0.8823529411764706,
    0.8117647058823529,
    0.8117647058823529,
    0.8117647058823529,
    0.8235294117647058,
    0.788235294117647,
    0.8058823529411765,
    0.8470588235294118,
    0.7941176470588235,
    0.8647058823529411,
    0.7823529411764706,
    0.8882352941176471,
    0.8176470588235294,
    0.7823529411764707,
    0.8470588235294118,
    0.8117647058823529,
    0.8411764705882352,
    0.8705882352941177,
    0.8294117647058823,
    0.8529411764705883,
    0.776470588235294,
    0.8705882352941176,
    0.7941176470588236,
    0.8588235294117648,
    0.8352941176470587,
    0.7647058823529411,
    0.8176470588235295,
    0.788235294117647,
    0.7705882352941177,
    0.7470588235294118,
    0.6764705882352942,
    0.8058823529411765,
    0.7294117647058823,
    0.7,
    0.7294117647058824,
    0.7705882352941176,
    0.8470588235294116,
    0.6647058823529413,
    0.7647058823529412,
    0.7705882352941176,
    0.7235294117647059,
    0.8176470588235294,
    0.7470588235294118,
    0.8470588235294116,
    0.7588235294117647,
    0.788235294117647,
    0.7588235294117647,
    0.8647058823529413,
    0.8647058823529411,
    0.6882352941176471,
    0.7647058823529411,
    0.8176470588235294
  ],
  "val_f1": [
    0.9315068493150684,
    0.9315068493150684,
    0.9315068493150684,
    0.9315068493150684,
    0.9315068493150684,
    0.8955223880597015,
    0.8985507246376812,
    0.8787878787878788,
    0.9295774647887324,
    0.8615384615384616,
    0.8656716417910447,
    0.8985507246376812,
    0.8823529411764706,
    0.8985507246376812,
    0.9295774647887324,
    0.8923076923076924,
    0.8955223880597015,
    0.8955223880597015,
    0.8985507246376812,
    0.8985507246376812,
    0.8656716417910447,
    0.9142857142857143,
    0.8787878787878788,
    0.8823529411764706,
    0.8985507246376812,
    0.8955223880597015,
    0.9444444444444444,
    0.8955223880597015,
    0.9295774647887324,
    0.9142857142857143,
    0.927536231884058,
    0.8955223880597015,
    0.9142857142857143,
    0.927536231884058,
    0.9117647058823529,
    0.9142857142857143,
    0.9315068493150684,
    0.9142857142857143,
    0.9166666666666666,
    0.9166666666666666,
    0.8955223880597015,
    0.8857142857142857,
    0.9315068493150684,
    0.8823529411764706,
    0.9166666666666666,
    0.8985507246376812,
    0.8823529411764706,
    0.9166666666666666,
    0.8857142857142857,
    0.8656716417910447,
    0.8857142857142857,
    0.9014084507042254,
    0.9014084507042254,
    0.8857142857142857,
    0.9315068493150684,
    0.9166666666666666,
    0.835820895522388,
    0.8529411764705882,
    0.8529411764705882,
    0.8615384615384616,
    0.8656716417910447,
    0.9014084507042254,
    0.9117647058823529,
    0.8857142857142857,
    0.9315068493150684,
    0.8615384615384616,
    0.8985507246376812,
    0.9166666666666666,
    0.9014084507042254,
    0.9315068493150684,
    0.8857142857142857
  ],