{
  "n_total": 322,
  "n_features": 35,
  "feature_set": [
    "apical_LAA_910_frac",
    "apical_LAA_950_frac",
    "apical_basal_LAA950_gradient",
    "apical_mean_HU",
    "apical_n_voxels",
    "artery_vol_mL",
    "basal_LAA_910_frac",
    "basal_LAA_950_frac",
    "basal_mean_HU",
    "basal_n_voxels",
    "lung_vol_mL",
    "paren_HU_p25",
    "paren_HU_p5",
    "paren_HU_p50",
    "paren_HU_p75",
    "paren_HU_p95",
    "paren_LAA_856_frac",
    "paren_LAA_910_frac",
    "paren_LAA_950_frac",
    "paren_mean_HU",
    "paren_n_voxels",
    "paren_std_HU",
    "vein_vol_mL",
    "vessel_airway_over_lung",
    "whole_HU_p25",
    "whole_HU_p5",
    "whole_HU_p50",
    "whole_HU_p75",
    "whole_HU_p95",
    "whole_LAA_856_frac",
    "whole_LAA_910_frac",
    "whole_LAA_950_frac",
    "whole_mean_HU",
    "whole_n_voxels",
    "whole_std_HU"
  ],
  "A_within_nonph_protocol": {
    "n": 151,
    "n_contrast": 27,
    "n_plain": 124,
    "lr_auc": 0.9575866188769414,
    "lr_ci95": [
      0.9235364396654719,
      0.9829749103942652
    ],
    "mlp_auc": 0.9578853046594982,
    "mlp_ci95": [
      0.9229390681003584,
      0.9844683393070489
    ],
    "comparison_to_R15G": {
      "R15G_LR": 0.908,
      "R15G_LR_CI": [
        0.819,
        0.968
      ],
      "R15G_MLP": 0.914,
      "R15G_MLP_CI": [
        0.82,
        0.978
      ]
    },
    "delta_LR_repaired_minus_R15G": 0.04958661887694138
  },
  "B_within_contrast_disease": {
    "n": 186,
    "n_ph": 159,
    "n_nonph": 27,
    "lr_auc": 0.8159795015140927,
    "lr_ci95": [
      0.7064931283484742,
      0.9091602608898205
    ],
    "comparison_to_R15G": {
      "R15G_LR": 0.847,
      "R15G_LR_CI": [
        0.755,
        0.923
      ]
    },
    "delta_LR_repaired_minus_R15G": -0.031020498485907266
  },
  "C_endotype_replication": {
    "paren_mean_HU": {
      "PH_mean": -807.7355715193838,
      "PH_sd": 55.292617764428506,
      "nonPH_mean": -844.73681640625,
      "nonPH_sd": 59.4630489709103,
      "delta": 37.001244886866175,
      "mwu_p": 0.001262156174430707
    },
    "paren_std_HU": {
      "PH_mean": 94.282722041292,
      "PH_sd": 13.744710719484672,
      "nonPH_mean": 78.63111651385272,
      "nonPH_sd": 16.92552506410933,
      "delta": 15.651605527439287,
      "mwu_p": 1.2338715091058423e-08
    },
    "paren_LAA_950_frac": {
      "PH_mean": 0.071596604644975,
      "PH_sd": 0.09440878511241528,
      "nonPH_mean": 0.10869841400303978,
      "nonPH_sd": 0.1987229726085184,
      "delta": -0.037101809358064786,
      "mwu_p": 0.5936585733747652
    },
    "paren_LAA_910_frac": {
      "PH_mean": 0.17359196390006063,
      "PH_sd": 0.1595083656720796,
      "nonPH_mean": 0.2457126977831709,
      "nonPH_sd": 0.22868074539317151,
      "delta": -0.07212073388311027,
      "mwu_p": 0.1286532138624137
    },
    "paren_LAA_856_frac": {
      "PH_mean": 0.3761861329475235,
      "PH_sd": 0.22068195189107884,
      "nonPH_mean": 0.5159148374933359,
      "nonPH_sd": 0.2515158736500049,
      "delta": -0.13972870454581238,
      "mwu_p": 0.006802289699300841
    },
    "apical_basal_LAA950_gradient": {
      "PH_mean": -0.027220526181460043,
      "PH_sd": 0.13638886410825588,
      "nonPH_mean": 0.04120871302883352,
      "nonPH_sd": 0.1362167958313528,
      "delta": -0.06842923921029356,
      "mwu_p": 0.005374330935766128
    },
    "lung_vol_mL": {
      "PH_mean": 3356.6570952680527,
      "PH_sd": 1530.8342665828054,
      "nonPH_mean": 4352.523604388781,
      "nonPH_sd": 1661.5729221617262,
      "delta": -995.8665091207281,
      "mwu_p": 0.004469482356736132
    },
    "vessel_airway_over_lung": {
      "PH_mean": 0.3008938246832163,
      "PH_sd": 1.1528655277732884,
      "nonPH_mean": 0.859894694536794,
      "nonPH_sd": 3.782147624019505,
      "delta": -0.5590008698535778,
      "mwu_p": 0.0003976664531217999
    },
    "artery_vol_mL": {
      "PH_mean": 350.72358740022617,
      "PH_sd": 580.967852174346,
      "nonPH_mean": 202.92959104680014,
      "nonPH_sd": 45.66293506537902,
      "delta": 147.79399635342602,
      "mwu_p": 0.0005121308188761369
    },
    "vein_vol_mL": {
      "PH_mean": 194.56787464495466,
      "PH_sd": 82.47564397298751,
      "nonPH_mean": 2139.265991801986,
      "nonPH_sd": 10039.20529231262,
      "delta": -1944.6981171570312,
      "mwu_p": 0.36003727908657124
    }
  }
}