{
  "train_loss": [
    0.6661619062607105,
    0.6529235457762693,
    0.6264503292548351,
    0.6405555200882447,
    0.6322638316032214,
    0.5925545218663338,
    0.5797008459384625,
    0.5566695913290366,
    0.5500761132973891,
    0.5161549227359967,
    0.4872353222125616,
    0.49123873389684236,
    0.4576468750452384,
    0.4332072612566826,
    0.372194773493669,
    0.48547272154918086,
    0.32759144825813097,
    0.36545605116929764,
    0.343166436904516,
    0.41198912071876037,
    0.37043303289474583,
    0.33949401325140244,
    0.29153385490943223,
    0.3540851359183972,
    0.3614739124209453,
    0.2957130680099512,
    0.252825997196711,
    0.29191263020038605,
    0.3146908335769788,
    0.2122637851115985,
    0.26357385525718713,
    0.3036134034777299,
    0.27858394919297635,
    0.35347854689909863,
    0.2604089732735585,
    0.23415495913762313,
    0.3415162674127481,
    0.2242012144281314,
    0.2207811726973607,
    0.24002725764726981,
    0.17866355734757888,
    0.30887944270402956,
    0.19870781306272897,
    0.27151966706300396,
    0.14142467215275153,
    0.252985494163556,
    0.25431265720190144,
    0.15884547231671137,
    0.2109999114122146,
    0.20106851854003394,
    0.19435502130251664,
    0.1901556956462371,
    0.19449734687805176,
    0.15822041063354567,
    0.1397177182520047,
    0.1591884244997532,
    0.2593965157866478,
    0.2539245516825945,
    0.23467338008758348,
    0.22916395255388358,
    0.1781215807184195,
    0.18143201275513723,
    0.13804363827101696,
    0.14565753965423658,
    0.14865829021884844
  ],
  "val_loss": [
    0.5502271831035614,
    0.5402080655097962,
    0.5606574296951294,
    0.5199650645256042,
    0.5392200410366058,
    0.5534175992012024,
    0.5827958703041076,
    0.5063707828521729,
    0.5755808770656585,
    0.48387755155563356,
    0.4599947094917297,
    0.4540288865566254,
    0.520872175693512,
    0.49889034032821655,
    0.4975123226642609,
    0.4541143476963043,
    0.49593480229377745,
    0.43793239295482633,
    0.4531126648187637,
    0.4588514447212219,
    0.4403753936290741,
    0.47566847801208495,
    0.5144617080688476,
    0.4888372242450714,
    0.4595480740070343,
    0.4876535475254059,
    0.5094546467065811,
    0.5100131392478943,
    0.4322197288274765,
    0.49203470945358274,
    0.5428453505039215,
    0.565710598230362,
    0.4833743318915367,
    0.5314529970288276,
    0.4291401877999306,
    0.5835085332393646,
    0.4766674742102623,
    0.5907698214054108,
    0.4556592494249344,
    0.5354690104722977,
    0.6340322464704513,
    0.5644143849611283,
    0.4503768339753151,
    0.5729850977659225,
    0.5397961378097534,
    0.49521590769290924,
    0.5690597653388977,
    0.4959185227751732,
    0.713910049200058,
    0.5645868360996247,
    0.4924389660358429,
    0.48410897254943847,
    0.6728740990161896,
    0.519018505513668,
    0.5153432004153728,
    0.572464182972908,
    0.7453326165676117,
    0.5018046140670777,
    0.7043382883071899,
    0.7479206204414368,
    0.6250776588916779,
    0.5302753180265427,
    0.5509708374738693,
    0.5990224421024323,
    0.6487452298402786
  ],
  "val_auc": [
    0.5637254901960784,
    0.6372549019607843,
    0.642156862745098,
    0.7450980392156864,
    0.7352941176470589,
    0.7107843137254901,
    0.7745098039215687,
    0.7549019607843138,
    0.7205882352941176,
    0.7352941176470589,
    0.7598039215686274,
    0.7450980392156863,
    0.7598039215686275,
    0.75,
    0.7941176470588235,
    0.75,
    0.7352941176470589,
    0.7696078431372548,
    0.7352941176470589,
    0.7254901960784313,
    0.7794117647058825,
    0.7401960784313726,
    0.7647058823529411,
    0.7107843137254902,
    0.7990196078431372,
    0.7450980392156863,
    0.7696078431372548,
    0.75,
    0.7598039215686274,
    0.7450980392156863,
    0.75,
    0.7352941176470589,
    0.75,
    0.7450980392156863,
    0.7745098039215687,
    0.7794117647058824,
    0.7450980392156863,
    0.75,
    0.7549019607843137,
    0.7156862745098039,
    0.7450980392156864,
    0.7450980392156863,
    0.7647058823529411,
    0.7696078431372548,
    0.7647058823529411,
    0.7794117647058825,
    0.7598039215686274,
    0.7696078431372549,
    0.75,
    0.7843137254901962,
    0.7598039215686275,
    0.7696078431372548,
    0.7450980392156863,
    0.7549019607843137,
    0.7598039215686274,
    0.7549019607843137,
    0.7450980392156863,
    0.75,
    0.7549019607843137,
    0.7254901960784312,
    0.7352941176470589,
    0.7598039215686274,
    0.7254901960784313,
    0.7401960784313726,
    0.7549019607843137
  ],
  "val_f1": [
    0.918918918918919,
    0.918918918918919,
    0.8888888888888888,
    0.9041095890410958,
    0.9041095890410958,
    0.8695652173913043,
    0.8333333333333334,
    0.8823529411764706,
    0.7241379310344828,
    0.8656716417910447,
    0.8787878787878788,
    0.8615384615384616,
    0.7586206896551724,
    0.8064516129032258,
    0.8524590163934426,
    0.84375,
    0.8253968253968254,
    0.8955223880597015,
    0.84375,
    0.8656716417910447,
    0.9142857142857143,
    0.8064516129032258,
    0.7868852459016393,
    0.8484848484848485,
    0.8955223880597015,
    0.8615384615384616,
    0.8253968253968254,
    0.84375,
    0.8955223880597015,
    0.819672131147541,
    0.8064516129032258,
    0.8615384615384616,
    0.9014084507042254,
    0.8955223880597015,
    0.9117647058823529,
    0.819672131147541,
    0.9142857142857143,
    0.8253968253968254,
    0.9142857142857143,
    0.8615384615384616,
    0.8253968253968254,
    0.875,
    0.927536231884058,
    0.819672131147541,
    0.8571428571428571,
    0.9090909090909091,
    0.84375,
    0.9253731343283582,
    0.7796610169491526,
    0.875,
    0.9090909090909091,
    0.9117647058823529,
    0.8387096774193549,
    0.8615384615384616,
    0.9117647058823529,
    0.875,
    0.8253968253968254,
    0.8484848484848485,
    0.8,
    0.819672131147541,
    0.875,
    0.9090909090909091,
    0.8787878787878788,
    0.875,
    0.8387096774193549
  ],
  "val_acc": [
    0.85,
    0.85,
    0.8,
    0.825,
    0.825,
    0.775,
    0.75,
    0.8,
    0.6,
    0.775,
    0.8,
    0.775,
    0.65,
    0.7,
    0.775,
    0.75,
    0.725,
    0.825,
    0.75,
    0.775,
    0.85,
    0.7,
    0.675,
    0.75,
    0.825,
    0.775,
    0.725,
    0.75,
    0.825,
    0.725,
    0.7,
    0.775,
    0.825,
    0.825,
    0.85,
    0.725,
    0.85,
    0.725,
    0.85,
    0.775,
    0.725,
    0.8,
    0.875,
    0.725,
    0.775,
    0.85,
    0.75,
    0.875,
    0.675,
    0.8,
    0.85,
    0.85,
    0.75,
    0.775,
    0.85,
    0.8,
    0.725,
    0.75,
    0.7,
    0.725,
    0.8,
    0.85,
    0.8,
    0.8,
    0.75
  ]
}