{
  "n_within_contrast": 190,
  "panel_size": 154,
  "oof_severity_auc": 0.8904794364917065,
  "spearman_rho_score_vs_mpap": 0.7096505626755012,
  "p_rho": 6.872659939030532e-17,
  "n_mpap_measured": 102,
  "thresholds": [
    {
      "name": "Youden_J",
      "thr": 0.8258735259996604,
      "tp": 135,
      "fp": 2,
      "tn": 25,
      "fn": 28,
      "sens": 0.8282208588957055,
      "spec": 0.9259259259259259,
      "ppv": 0.9854014598540146,
      "npv": 0.4716981132075472,
      "lr_plus": 11.180981595092025,
      "lr_minus": 0.18552147239263805
    },
    {
      "name": "Sens_90pct",
      "thr": 0.7177652048645375,
      "tp": 149,
      "fp": 5,
      "tn": 22,
      "fn": 14,
      "sens": 0.9141104294478528,
      "spec": 0.8148148148148148,
      "ppv": 0.9675324675324676,
      "npv": 0.6111111111111112,
      "lr_plus": 4.936196319018404,
      "lr_minus": 0.10540992749581701
    },
    {
      "name": "Spec_90pct",
      "thr": 0.8258735259996604,
      "tp": 135,
      "fp": 2,
      "tn": 25,
      "fn": 28,
      "sens": 0.8282208588957055,
      "spec": 0.9259259259259259,
      "ppv": 0.9854014598540146,
      "npv": 0.4716981132075472,
      "lr_plus": 11.180981595092025,
      "lr_minus": 0.18552147239263805
    }
  ],
  "framing": "cross-sectional severity ordering + PH-like structural progression score (NOT longitudinal)"
}