{
  "best": {
    "experiment": "A_WL",
    "method": "spectral",
    "k": 2,
    "ARI_vs_PH": 0.14390256930719514,
    "NMI_vs_PH": 0.042879627178109524,
    "silhouette": 0.23111611604690552,
    "sizes": [
      115,
      26
    ],
    "ph_rates": [
      0.8869565217391304,
      0.6923076923076923
    ]
  },
  "profile": [
    {
      "cluster": 0,
      "n": 115,
      "ph_rate": 0.8869565217391304,
      "artery_n_nodes": 218.51304626464844,
      "artery_n_edges": 391.6174011230469,
      "artery_density": 1.597863793373108,
      "artery_mean_deg": 1.597863793373108,
      "artery_max_deg": 5.217391490936279,
      "artery_std_deg": 1.0125946998596191,
      "artery_n_leaves": 147.2434844970703,
      "artery_n_bifurc": 59.91304397583008,
      "artery_mean_diam": 1.8447190523147583,
      "artery_std_diam": 1.2288850545883179,
      "artery_max_diam": 10.270238876342773,
      "artery_p90_diam": 2.538877010345459,
      "artery_mean_len": 1.9128950834274292,
      "artery_sum_len": 423.6087951660156,
      "artery_mean_tort": 1.0817484855651855,
      "artery_std_tort": 0.0896005854010582,
      "artery_max_strahler": 0.0,
      "artery_mean_strahler": 0.0,
      "artery_n_strahler_ge3": 0.0,
      "vein_n_nodes": 108.80000305175781,
      "vein_n_edges": 166.3478240966797,
      "vein_density": 1.4280341863632202,
      "vein_mean_deg": 1.4280341863632202,
      "vein_max_deg": 4.182608604431152,
      "vein_std_deg": 0.8326568007469177,
      "vein_n_leaves": 83.02608489990234,
      "vein_n_bifurc": 21.852174758911133,
      "vein_mean_diam": 1.9696186780929565,
      "vein_std_diam": 1.4681187868118286,
      "vein_max_diam": 9.618367195129395,
      "vein_p90_diam": 2.700930595397949,
      "vein_mean_len": 1.9236783981323242,
      "vein_sum_len": 211.49693298339844,
      "vein_mean_tort": 1.0791387557983398,
      "vein_std_tort": 0.08490373194217682,
      "vein_max_strahler": 0.0,
      "vein_mean_strahler": 0.0,
      "vein_n_strahler_ge3": 0.0,
      "airway_n_nodes": 14.660869598388672,
      "airway_n_edges": 16.713043212890625,
      "airway_density": 1.0980669260025024,
      "airway_mean_deg": 1.0980669260025024,
      "airway_max_deg": 1.373913049697876,
      "airway_std_deg": 0.14273259043693542,
      "airway_n_leaves": 13.634782791137695,
      "airway_n_bifurc": 0.852173924446106,
      "airway_mean_diam": 2.069704294204712,
      "airway_std_diam": 0.9708488583564758,
      "airway_max_diam": 4.124934673309326,
      "airway_p90_diam": 3.496417999267578,
      "airway_mean_len": 1.946528673171997,
      "airway_sum_len": 28.793933868408203,
      "airway_mean_tort": 1.0821993350982666,
      "airway_std_tort": 0.06962910294532776,
      "airway_max_strahler": 0.0,
      "airway_mean_strahler": 0.0,
      "airway_n_strahler_ge3": 0.0
    },
    {
      "cluster": 1,
      "n": 26,
      "ph_rate": 0.6923076923076923,
      "artery_n_nodes": 196.84616088867188,
      "artery_n_edges": 327.30767822265625,
      "artery_density": 1.5357303619384766,
      "artery_mean_deg": 1.5357303619384766,
      "artery_max_deg": 4.961538314819336,
      "artery_std_deg": 0.9651212096214294,
      "artery_n_leaves": 139.42308044433594,
      "artery_n_bifurc": 47.46154022216797,
      "artery_mean_diam": 1.665595293045044,
      "artery_std_diam": 0.9607298374176025,
      "artery_max_diam": 9.433403968811035,
      "artery_p90_diam": 2.0231287479400635,
      "artery_mean_len": 1.9705729484558105,
      "artery_sum_len": 392.31427001953125,
      "artery_mean_tort": 1.0799003839492798,
      "artery_std_tort": 0.08517426997423172,
      "artery_max_strahler": 0.0,
      "artery_mean_strahler": 0.0,
      "artery_n_strahler_ge3": 0.0,
      "vein_n_nodes": 89.84615325927734,
      "vein_n_edges": 127.61538696289062,
      "vein_density": 1.3489221334457397,
      "vein_mean_deg": 1.3489221334457397,
      "vein_max_deg": 3.576923131942749,
      "vein_std_deg": 0.6923391819000244,
      "vein_n_leaves": 71.11538696289062,
      "vein_n_bifurc": 14.961538314819336,
      "vein_mean_diam": 1.918409824371338,
      "vein_std_diam": 1.5629500150680542,
      "vein_max_diam": 10.335590362548828,
      "vein_p90_diam": 2.4519758224487305,
      "vein_mean_len": 2.0044105052948,
      "vein_sum_len": 182.06065368652344,
      "vein_mean_tort": 1.0767439603805542,
      "vein_std_tort": 0.07691152393817902,
      "vein_max_strahler": 0.0,
      "vein_mean_strahler": 0.0,
      "vein_n_strahler_ge3": 0.0,
      "airway_n_nodes": 14.115385055541992,
      "airway_n_edges": 16.076923370361328,
      "airway_density": 1.111114263534546,
      "airway_mean_deg": 1.111114263534546,
      "airway_max_deg": 1.5384615659713745,
      "airway_std_deg": 0.20208469033241272,
      "airway_n_leaves": 13.038461685180664,
      "airway_n_bifurc": 0.8461538553237915,
      "airway_mean_diam": 2.3710570335388184,
      "airway_std_diam": 1.3346874713897705,
      "airway_max_diam": 4.967806816101074,
      "airway_p90_diam": 4.381123065948486,
      "airway_mean_len": 2.0301103591918945,
      "airway_sum_len": 29.11309814453125,
      "airway_mean_tort": 1.0729328393936157,
      "airway_std_tort": 0.06747207790613174,
      "airway_max_strahler": 0.0,
      "airway_mean_strahler": 0.0,
      "airway_n_strahler_ge3": 0.0
    }
  ],
  "feat_names": [
    "artery_n_nodes",
    "artery_n_edges",
    "artery_density",
    "artery_mean_deg",
    "artery_max_deg",
    "artery_std_deg",
    "artery_n_leaves",
    "artery_n_bifurc",
    "artery_mean_diam",
    "artery_std_diam",
    "artery_max_diam",
    "artery_p90_diam",
    "artery_mean_len",
    "artery_sum_len",
    "artery_mean_tort",
    "artery_std_tort",
    "artery_max_strahler",
    "artery_mean_strahler",
    "artery_n_strahler_ge3",
    "vein_n_nodes",
    "vein_n_edges",
    "vein_density",
    "vein_mean_deg",
    "vein_max_deg",
    "vein_std_deg",
    "vein_n_leaves",
    "vein_n_bifurc",
    "vein_mean_diam",
    "vein_std_diam",
    "vein_max_diam",
    "vein_p90_diam",
    "vein_mean_len",
    "vein_sum_len",
    "vein_mean_tort",
    "vein_std_tort",
    "vein_max_strahler",
    "vein_mean_strahler",
    "vein_n_strahler_ge3",
    "airway_n_nodes",
    "airway_n_edges",
    "airway_density",
    "airway_mean_deg",
    "airway_max_deg",
    "airway_std_deg",
    "airway_n_leaves",
    "airway_n_bifurc",
    "airway_mean_diam",
    "airway_std_diam",
    "airway_max_diam",
    "airway_p90_diam",
    "airway_mean_len",
    "airway_sum_len",
    "airway_mean_tort",
    "airway_std_tort",
    "airway_max_strahler",
    "airway_mean_strahler",
    "airway_n_strahler_ge3"
  ],
  "assignments": [
    1,
    1,
    0,
    0,
    0,
    0,
    0,
    0,
    0,
    1,
    0,
    0,
    1,
    0,
    0,
    1,
    0,
    1,
    1,
    1,
    0,
    0,
    0,
    0,
    1,
    0,
    0,
    0,
    0,
    0,
    0,
    0,
    0,
    0,
    1,
    0,
    0,
    0,
    0,
    0,
    1,
    1,
    0,
    0,
    0,
    0,
    0,
    0,
    0,
    0,
    0,
    0,
    0,
    0,
    0,
    0,
    0,
    0,
    0,
    0,
    0,
    0,
    0,
    1,
    0,
    0,
    1,
    0,
    0,
    0,
    1,
    0,
    0,
    0,
    0,
    0,
    0,
    0,
    0,
    0,
    0,
    0,
    0,
    1,
    0,
    1,
    0,
    0,
    1,
    0,
    0,
    0,
    0,
    0,
    1,
    0,
    0,
    0,
    0,
    1,
    0,
    0,
    1,
    0,
    0,
    0,
    0,
    1,
    0,
    0,
    0,
    0,
    0,
    0,
    1,
    0,
    0,
    0,
    0,
    0,
    0,
    0,
    0,
    0,
    0,
    0,
    0,
    0,
    0,
    0,
    1,
    1,
    0,
    1,
    0,
    0,
    0,
    0,
    0,
    0,
    0
  ],