{
  "sets": {
    "A_per_structure_volumes": {
      "n_feats": 4,
      "n_cases": 275,
      "n_contrast_only": 192,
      "protocol_lr": [
        0.5239144240692228,
        0.05388709016188776
      ],
      "protocol_gb": [
        0.9099160514408192,
        0.024618549252305107
      ],
      "disease_full_lr": [
        0.7143250688705235,
        0.07150126994530577
      ],
      "disease_full_gb": [
        0.8644628099173556,
        0.036545272219296286
      ],
      "disease_contrast_lr": [
        0.7555555555555555,
        0.08803075215611246
      ],
      "disease_contrast_gb": [
        0.6602020202020202,
        0.06365592131721119
      ]
    },
    "B_volumes_plus_ratios": {
      "n_feats": 7,
      "n_cases": 244,
      "n_contrast_only": 186,
      "protocol_lr": [
        0.8854842881158671,
        0.053222024763500055
      ],
      "protocol_gb": [
        0.8538514591146169,
        0.060744897416471114
      ],
      "disease_full_lr": [
        0.8716318785578746,
        0.04604319153192384
      ],
      "disease_full_gb": [
        0.8771821631878558,
        0.050642158869577986
      ],
      "disease_contrast_lr": [
        0.7704032258064517,
        0.11965971879990382
      ],
      "disease_contrast_gb": [
        0.7058568548387097,
        0.05889397419868888
      ]
    },
    "C_spatial_only": {
      "n_feats": 4,
      "n_cases": 252,
      "n_contrast_only": 186,
      "protocol_lr": [
        0.7317774686195738,
        0.02706663029650242
      ],
      "protocol_gb": [
        0.7665749613118035,
        0.059890680703644505
      ],
      "disease_full_lr": [
        0.6742253820033955,
        0.05913729961449937
      ],
      "disease_full_gb": [
        0.6805042680626296,
        0.03633647931157315
      ],
      "disease_contrast_lr": [
        0.6711290322580645,
        0.10630104855296281
      ],
      "disease_contrast_gb": [
        0.40212029569892466,
        0.07080480433569755
      ]
    },
    "D_paren_LAA_only": {
      "n_feats": 3,
      "n_cases": 252,
      "n_contrast_only": 186,
      "protocol_lr": [
        0.5907476591687117,
        0.1490395214624444
      ],
      "protocol_gb": [
        0.8109725978147031,
        0.04724128558048681
      ],
      "disease_full_lr": [
        0.5749327956989247,
        0.06274385460201716
      ],
      "disease_full_gb": [
        0.8043482361818525,
        0.028777917242405315
      ],
      "disease_contrast_lr": [
        0.6850739247311829,
        0.08579427102148884
      ],
      "disease_contrast_gb": [
        0.6331485215053764,
        0.1429621231504946
      ]
    },
    "E_v2_ratio_combined_no_HU": {
      "n_feats": 11,
      "n_cases": 232,
      "n_contrast_only": 186,
      "protocol_lr": [
        0.8597534376481745,
        0.06041771310417684
      ],
      "protocol_gb": [
        0.8770918286707762,
        0.08854190889883289
      ],
      "disease_full_lr": [
        0.8680568356374808,
        0.02372793025979758
      ],
      "disease_full_gb": [
        0.8690351382488478,
        0.02046925244270653
      ],
      "disease_contrast_lr": [
        0.7863373655913979,
        0.07236912128507617
      ],
      "disease_contrast_gb": [
        0.7408467741935484,
        0.04908949937036785
      ]
    }
  },
  "interpretation": ""
}