{
  "n_cases": 112,
  "n_contrast": 27,
  "n_plain": 85,
  "sets": {
    "v1_whole_lung_HU": {
      "n_feats": 11,
      "n_cases": 110,
      "n_contrast": 27,
      "n_plain": 83,
      "protocol_lr": {
        "mean": 0.7654166666666666,
        "std": 0.07628726769658573,
        "ci95": [
          0.6972794117647059,
          0.8329411764705881
        ]
      },
      "protocol_gb": {
        "mean": 0.7569607843137256,
        "std": 0.09910554899887454,
        "ci95": [
          0.6658823529411765,
          0.8366666666666667
        ]
      }
    },
    "v2_parenchyma_only": {
      "n_feats": 10,
      "n_cases": 93,
      "n_contrast": 27,
      "n_plain": 66,
      "protocol_lr": {
        "mean": 0.7935531135531135,
        "std": 0.10411918935745683,
        "ci95": [
          0.7046153846153846,
          0.8863736263736264
        ]
      },
      "protocol_gb": {
        "mean": 0.7310622710622711,
        "std": 0.10152988509625245,
        "ci95": [
          0.6516117216117217,
          0.8246153846153847
        ]
      }
    },
    "v2_paren_LAA_only": {
      "n_feats": 3,
      "n_cases": 93,
      "n_contrast": 27,
      "n_plain": 66,
      "protocol_lr": {
        "mean": 0.7146520146520147,
        "std": 0.08474895503891232,
        "ci95": [
          0.6459230769230769,
          0.7887179487179489
        ]
      },
      "protocol_gb": {
        "mean": 0.6732967032967033,
        "std": 0.11249622772877077,
        "ci95": [
          0.5661538461538462,
          0.7617216117216117
        ]
      }
    },
    "v2_spatial_paren": {
      "n_feats": 4,
      "n_cases": 93,
      "n_contrast": 27,
      "n_plain": 66,
      "protocol_lr": {
        "mean": 0.6690842490842491,
        "std": 0.14382794027989734,
        "ci95": [
          0.5427838827838828,
          0.7953846153846154
        ]
      },
      "protocol_gb": {
        "mean": 0.6524542124542124,
        "std": 0.11841384411875724,
        "ci95": [
          0.5481318681318681,
          0.7476923076923077
        ]
      }
    },
    "v2_per_structure_volumes": {
      "n_feats": 4,
      "n_cases": 110,
      "n_contrast": 27,
      "n_plain": 83,
      "protocol_lr": {
        "mean": 0.5286519607843138,
        "std": 0.11980382128297207,
        "ci95": [
          0.42898897058823526,
          0.631421568627451
        ]
      },
      "protocol_gb": {
        "mean": 0.7022303921568628,
        "std": 0.08950356216022622,
        "ci95": [
          0.6153676470588235,
          0.7713235294117646
        ]
      }
    },
    "v2_vessel_ratios": {
      "n_feats": 2,
      "n_cases": 85,
      "n_contrast": 27,
      "n_plain": 58,
      "protocol_lr": {
        "mean": 0.6736363636363636,
        "std": 0.15371016098635107,
        "ci95": [
          0.5424242424242424,
          0.8048484848484849
        ]
      },
      "protocol_gb": {
        "mean": 0.6318181818181817,
        "std": 0.2109513193531218,
        "ci95": [
          0.4412121212121212,
          0.8
        ]
      }
    },
    "v2_combined_no_HU": {
      "n_feats": 9,
      "n_cases": 73,
      "n_contrast": 27,
      "n_plain": 46,
      "protocol_lr": {
        "mean": 0.7312592592592593,
        "std": 0.093319693300773,
        "ci95": [
          0.6527407407407408,
          0.8097777777777777
        ]
      },
      "protocol_gb": {
        "mean": 0.6641481481481482,
        "std": 0.0837339833793016,
        "ci95": [
          0.5903703703703703,
          0.737037037037037
        ]
      }
    }
  }
}