{
  "results": {
    "cohorts": {
      "A_excluded_paren_only": {
        "n_cases": 231,
        "n_contrast_only": 185,
        "disease_full_lr": {
          "mean": 0.8616705069124423,
          "ci95": [
            0.8353753840245777,
            0.8855817972350228
          ]
        },
        "disease_full_gb": {
          "mean": 0.8158918970814131,
          "ci95": [
            0.7732622887864824,
            0.858521505376344
          ]
        },
        "disease_contrast_lr": {
          "mean": 0.8581586021505376,
          "ci95": [
            0.7839247311827957,
            0.9323924731182796
          ]
        },
        "disease_contrast_gb": {
          "mean": 0.8066935483870967,
          "ci95": [
            0.7027016129032259,
            0.8862550403225807
          ]
        }
      },
      "A_excluded_paren_plus_spatial": {
        "n_cases": 231,
        "n_contrast_only": 185,
        "disease_full_lr": {
          "mean": 0.8712250384024578,
          "ci95": [
            0.8541570660522273,
            0.8877557123655913
          ]
        },
        "disease_full_gb": {
          "mean": 0.8299116743471581,
          "ci95": [
            0.7886299923195084,
            0.8754925115207373
          ]
        },
        "disease_contrast_lr": {
          "mean": 0.8510349462365591,
          "ci95": [
            0.7700268817204302,
            0.9320430107526881
          ]
        },
        "disease_contrast_gb": {
          "mean": 0.8084946236559141,
          "ci95": [
            0.7367876344086022,
            0.8767069892473118
          ]
        }
      },
      "B_included_paren_only": {
        "n_cases": 252,
        "n_contrast_only": 186,
        "disease_full_lr": {
          "mean": 0.8695564516129032,
          "ci95": [
            0.8255482456140351,
            0.9057017543859649
          ]
        },
        "disease_full_gb": {
          "mean": 0.8407629456706281,
          "ci95": [
            0.7853801169590643,
            0.8887444585927184
          ]
        },
        "disease_contrast_lr": {
          "mean": 0.8597311827956988,
          "ci95": [
            0.7626478494623655,
            0.9502956989247311
          ]
        },
        "disease_contrast_gb": {
          "mean": 0.7772412634408602,
          "ci95": [
            0.6355208333333333,
            0.8946908602150538
          ]
        }
      },
      "B_included_paren_plus_spatial": {
        "n_cases": 252,
        "n_contrast_only": 186,
        "disease_full_lr": {
          "mean": 0.8794578853046595,
          "ci95": [
            0.827247807017544,
            0.9131578947368422
          ]
        },
        "disease_full_gb": {
          "mean": 0.8515905017921147,
          "ci95": [
            0.8076023391812865,
            0.8901869930201849
          ]
        },
        "disease_contrast_lr": {
          "mean": 0.8551814516129033,
          "ci95": [
            0.7591666666666667,
            0.9511962365591398
          ]
        },
        "disease_contrast_gb": {
          "mean": 0.7927889784946236,
          "ci95": [
            0.7254166666666666,
            0.8601612903225806
          ]
        }
      }
    }
  },
  "deltas": [
    {
      "feature_set": "paren_only",
      "d_n_cases": 21,
      "d_disease_full_lr": 0.00788594470046089,
      "d_disease_contrast_lr": 0.0015725806451611923
    },
    {
      "feature_set": "paren_plus_spatial",
      "d_n_cases": 21,
      "d_disease_full_lr": 0.008232846902201718,
      "d_disease_contrast_lr": 0.004146505376344201
    }
  ]
}