{
  "whole_lung": {
    "n_cases": 275,
    "n_contrast_only": 192,
    "protocol_lr": [
      0.9000595379852345,
      0.024133298459053085,
      [
        0.9040247678018576,
        0.8653250773993808,
        0.9040247678018576,
        0.9391025641025641,
        0.8878205128205128
      ]
    ],
    "protocol_gb": [
      0.8891055410018257,
      0.032026978389635995,
      [
        0.8544891640866873,
        0.8831269349845201,
        0.9210526315789473,
        0.9310897435897436,
        0.8557692307692307
      ]
    ],
    "disease_full_lr": [
      0.8793388429752065,
      0.035414184796746725,
      [
        0.9407713498622589,
        0.8650137741046832,
        0.8319559228650137,
        0.8746556473829201,
        0.884297520661157
      ]
    ],
    "disease_full_gb": [
      0.8730027548209367,
      0.0446110908650075,
      [
        0.9297520661157025,
        0.7975206611570248,
        0.8856749311294765,
        0.896694214876033,
        0.8553719008264462
      ]
    ],
    "disease_contrast_lr": [
      0.8240404040404041,
      0.08123724421701352,
      [
        0.7171717171717172,
        0.7727272727272727,
        0.8727272727272728,
        0.8060606060606061,
        0.9515151515151515
      ]
    ],
    "disease_contrast_gb": [
      0.7343434343434343,
      0.05032189009965458,
      [
        0.6540404040404041,
        0.7449494949494949,
        0.787878787878788,
        0.7818181818181819,
        0.7030303030303031
      ]
    ]
  },
  "parenchyma_only": {
    "n_cases": 252,
    "n_contrast_only": 186,
    "protocol_lr": [
      0.8573038625670204,
      0.051195429045696836,
      [
        0.8243243243243243,
        0.8218623481781376,
        0.8212058212058212,
        0.9542619542619543,
        0.8648648648648649
      ]
    ],
    "protocol_gb": [
      0.851267722320354,
      0.0526278887495967,
      [
        0.8368725868725869,
        0.7874493927125507,
        0.8752598752598753,
        0.9397089397089397,
        0.817047817047817
      ]
    ],
    "disease_full_lr": [
      0.8695564516129032,
      0.0468819066647712,
      [
        0.868421052631579,
        0.8947368421052632,
        0.865874363327674,
        0.9305555555555556,
        0.7881944444444444
      ]
    ],
    "disease_full_gb": [
      0.8407629456706281,
      0.058429481010611094,
      [
        0.861842105263158,
        0.8001644736842105,
        0.9168081494057725,
        0.8741319444444444,
        0.7508680555555556
      ]
    ],
    "disease_contrast_lr": [
      0.8597311827956988,
      0.10832624079613652,
      [
        0.6979166666666666,
        0.956989247311828,
        0.7625,
        0.95625,
        0.9249999999999999
      ]
    ],
    "disease_contrast_gb": [
      0.7772412634408602,
      0.14740980787920355,
      [
        0.7057291666666666,
        0.9086021505376344,
        0.521875,
        0.90625,
        0.84375
      ]
    ]
  },
  "spatial_paren": {
    "n_cases": 252,
    "n_contrast_only": 186,
    "protocol_lr": [
      0.8080268238162975,
      0.01017153564637024,
      [
        0.8146718146718147,
        0.8117408906882592,
        0.8212058212058213,
        0.7941787941787941,
        0.7983367983367983
      ]
    ],
    "protocol_gb": [
      0.853105216263111,
      0.026222291150785847,
      [
        0.8262548262548264,
        0.8238866396761134,
        0.8669438669438669,
        0.8939708939708939,
        0.8544698544698544
      ]
    ],
    "disease_full_lr": [
      0.7611989483116395,
      0.043386931504605986,
      [
        0.7730263157894737,
        0.7779605263157895,
        0.701188455008489,
        0.826388888888889,
        0.7274305555555556
      ]
    ],
    "disease_full_gb": [
      0.8562812441048859,
      0.054557264203246345,
      [
        0.9243421052631579,
        0.8610197368421053,
        0.8675721561969439,
        0.8715277777777778,
        0.7569444444444445
      ]
    ],
    "disease_contrast_lr": [
      0.7322983870967742,
      0.11294305013204597,
      [
        0.6354166666666667,
        0.8010752688172044,
        0.6187499999999999,
        0.6875,
        0.9187500000000001
      ]
    ],
    "disease_contrast_gb": [
      0.6543145161290322,
      0.05063362038332737,
      [
        0.6979166666666666,
        0.6236559139784946,
        0.60625,
        0.6124999999999999,
        0.73125
      ]
    ]
  },
  "vessel_lung_integration": {
    "n_cases": 243,
    "n_contrast_only": 185,
    "protocol_lr": [
      0.9449631449631448,
      0.038836834034622986,
      [
        0.9301801801801801,
        0.963963963963964,
        0.9842342342342343,
        0.8759213759213759,
        0.9705159705159705
      ]
    ],
    "protocol_gb": [
      0.9818181818181818,
      0.00848209695487298,
      [
        0.9774774774774775,
        0.9954954954954954,
        0.9729729729729729,
        0.9754299754299754,
        0.9877149877149878
      ]
    ],
    "disease_full_lr": [
      0.8611717267552181,
      0.06506140825204879,
      [
        0.9246323529411764,
        0.8345588235294117,
        0.9356617647058824,
        0.7571157495256167,
        0.8538899430740038
      ]
    ],
    "disease_full_gb": [
      0.8898719165085389,
      0.06651598244340692,
      [
        0.9558823529411764,
        0.8566176470588235,
        0.9632352941176471,
        0.7836812144212525,
        0.889943074003795
      ]
    ],
    "disease_contrast_lr": [
      0.7740322580645161,
      0.09880804646801909,
      [
        0.7741935483870968,
        0.8709677419354839,
        0.73125,
        0.88125,
        0.6125
      ]
    ],
    "disease_contrast_gb": [
      0.6766935483870968,
      0.06588521853664142,
      [
        0.6881720430107527,
        0.6827956989247311,
        0.6812499999999999,
        0.76875,
        0.5625
      ]
    ]
  },
  "paren_plus_spatial": {
    "n_cases": 252,
    "n_contrast_only": 186,
    "protocol_lr": [
      0.8659090553827395,
      0.05834304949957978,
      [
        0.833976833976834,
        0.8178137651821863,
        0.8191268191268191,
        0.9708939708939709,
        0.8877338877338878
      ]
    ],
    "protocol_gb": [
      0.8565613618245198,
      0.06826559672053281,
      [
        0.8455598455598456,
        0.7449392712550608,
        0.8898128898128899,
        0.9542619542619543,
        0.8482328482328482
      ]
    ],
    "disease_full_lr": [
      0.8794578853046595,
      0.04782480712572724,
      [
        0.8832236842105263,
        0.9194078947368421,
        0.8828522920203735,
        0.921875,
        0.7899305555555556
      ]
    ],
    "disease_full_gb": [
      0.8515905017921147,
      0.04655252906780312,
      [
        0.9046052631578948,
        0.8157894736842105,
        0.8743633276740238,
        0.8836805555555555,
        0.779513888888889
      ]
    ],
    "disease_contrast_lr": [
      0.8551814516129033,
      0.11202971986237875,
      [
        0.7135416666666666,
        0.9623655913978495,
        0.7250000000000001,
        0.9187500000000001,
        0.95625
      ]
    ],
    "disease_contrast_gb": [
      0.7927889784946236,
      0.07713960620919309,
      [
        0.6979166666666666,
        0.8629032258064516,
        0.703125,
        0.8750000000000001,
        0.825
      ]
    ]
  }
}