{
  "variant": "mode_hybrid",
  "mode": "hybrid",
  "repeats": 3,
  "seed_base": 42,
  "use_focal": true,
  "node_drop_p": 0.1,
  "mpap_aux": true,
  "mpap_aux_weight": 0.1,
  "use_youden": true,
  "splits_file": "data/splits_gold.json",
  "labels_file": "data/labels_gold.csv",
  "n_cases": 106,
  "results": {
    "folds": [
      {
        "threshold": 0.4231773316860199,
        "accuracy": 1.0,
        "f1": 1.0,
        "precision": 1.0,
        "recall": 1.0,
        "sensitivity": 1.0,
        "specificity": 1.0,
        "auc": 1.0,
        "fold": 0,
        "repeat": 0,
        "accuracy_argmax": 0.7272727272727273,
        "f1_argmax": 0.7692307692307693,
        "precision_argmax": 1.0,
        "recall_argmax": 0.625,
        "sensitivity_argmax": 0.625,
        "specificity_argmax": 1.0,
        "threshold_argmax": 0.5
      },
      {
        "threshold": 0.2879417836666107,
        "accuracy": 0.8571428571428571,
        "f1": 0.896551724137931,
        "precision": 1.0,
        "recall": 0.8125,
        "sensitivity": 0.8125,
        "specificity": 1.0,
        "auc": 0.9375,
        "fold": 1,
        "repeat": 0,
        "accuracy_argmax": 0.6666666666666666,
        "f1_argmax": 0.72,
        "precision_argmax": 1.0,
        "recall_argmax": 0.5625,
        "sensitivity_argmax": 0.5625,
        "specificity_argmax": 1.0,
        "threshold_argmax": 0.5
      },
      {
        "threshold": 0.2698027491569519,
        "accuracy": 0.8571428571428571,
        "f1": 0.9090909090909091,
        "precision": 0.8823529411764706,
        "recall": 0.9375,
        "sensitivity": 0.9375,
        "specificity": 0.6,
        "auc": 0.75,
        "fold": 2,
        "repeat": 0,
        "accuracy_argmax": 0.5714285714285714,
        "f1_argmax": 0.6666666666666666,
        "precision_argmax": 0.8181818181818182,
        "recall_argmax": 0.5625,
        "sensitivity_argmax": 0.5625,
        "specificity_argmax": 0.6,
        "threshold_argmax": 0.5
      },
      {
        "threshold": 0.25841474533081055,
        "accuracy": 0.9523809523809523,
        "f1": 0.967741935483871,
        "precision": 1.0,
        "recall": 0.9375,
        "sensitivity": 0.9375,
        "specificity": 1.0,
        "auc": 0.9875,
        "fold": 3,
        "repeat": 0,
        "accuracy_argmax": 0.2857142857142857,
        "f1_argmax": 0.11764705882352941,
        "precision_argmax": 1.0,
        "recall_argmax": 0.0625,
        "sensitivity_argmax": 0.0625,
        "specificity_argmax": 1.0,
        "threshold_argmax": 0.5
      },
      {
        "threshold": 0.5200486779212952,
        "accuracy": 0.8571428571428571,
        "f1": 0.8888888888888888,
        "precision": 1.0,
        "recall": 0.8,
        "sensitivity": 0.8,
        "specificity": 1.0,
        "auc": 0.9444444444444445,
        "fold": 4,
        "repeat": 0,
        "accuracy_argmax": 0.8571428571428571,
        "f1_argmax": 0.8888888888888888,
        "precision_argmax": 1.0,
        "recall_argmax": 0.8,
        "sensitivity_argmax": 0.8,
        "specificity_argmax": 1.0,
        "threshold_argmax": 0.5
      },
      {
        "threshold": 0.31566673517227173,
        "accuracy": 0.9090909090909091,
        "f1": 0.9333333333333333,
        "precision": 1.0,
        "recall": 0.875,
        "sensitivity": 0.875,
        "specificity": 1.0,
        "auc": 0.9583333333333334,
        "fold": 0,
        "repeat": 1,
        "accuracy_argmax": 0.45454545454545453,
        "f1_argmax": 0.4,
        "precision_argmax": 1.0,
        "recall_argmax": 0.25,
        "sensitivity_argmax": 0.25,
        "specificity_argmax": 1.0,
        "threshold_argmax": 0.5
      },
      {
        "threshold": 0.7080516219139099,
        "accuracy": 0.8095238095238095,
        "f1": 0.8571428571428571,
        "precision": 1.0,
        "recall": 0.75,
        "sensitivity": 0.75,
        "specificity": 1.0,
        "auc": 0.8625,
        "fold": 1,
        "repeat": 1,
        "accuracy_argmax": 0.7619047619047619,
        "f1_argmax": 0.8275862068965517,
        "precision_argmax": 0.9230769230769231,
        "recall_argmax": 0.75,
        "sensitivity_argmax": 0.75,
        "specificity_argmax": 0.8,
        "threshold_argmax": 0.5
      },
      {
        "threshold": 0.4038228392601013,
        "accuracy": 0.9047619047619048,
        "f1": 0.9375,
        "precision": 0.9375,
        "recall": 0.9375,
        "sensitivity": 0.9375,
        "specificity": 0.8,
        "auc": 0.9000000000000001,
        "fold": 2,
        "repeat": 1,
        "accuracy_argmax": 0.7619047619047619,
        "f1_argmax": 0.8275862068965517,
        "precision_argmax": 0.9230769230769231,
        "recall_argmax": 0.75,
        "sensitivity_argmax": 0.75,
        "specificity_argmax": 0.8,
        "threshold_argmax": 0.5
      },
      {
        "threshold": 0.34474802017211914,
        "accuracy": 0.8571428571428571,
        "f1": 0.896551724137931,
        "precision": 1.0,
        "recall": 0.8125,
        "sensitivity": 0.8125,
        "specificity": 1.0,
        "auc": 0.9375,
        "fold": 3,
        "repeat": 1,
        "accuracy_argmax": 0.2857142857142857,
        "f1_argmax": 0.11764705882352941,
        "precision_argmax": 1.0,
        "recall_argmax": 0.0625,
        "sensitivity_argmax": 0.0625,
        "specificity_argmax": 1.0,
        "threshold_argmax": 0.5
      },
      {
        "threshold": 0.3887721002101898,
        "accuracy": 0.7619047619047619,
        "f1": 0.8148148148148148,
        "precision": 0.9166666666666666,
        "recall": 0.7333333333333333,
        "sensitivity": 0.7333333333333333,
        "specificity": 0.8333333333333334,
        "auc": 0.7,
        "fold": 4,
        "repeat": 1,
        "accuracy_argmax": 0.23809523809523808,
        "f1_argmax": 0.0,
        "precision_argmax": 0.0,
        "recall_argmax": 0.0,
        "sensitivity_argmax": 0.0,
        "specificity_argmax": 0.8333333333333334,
        "threshold_argmax": 0.5
      },
      {
        "threshold": 0.5756148099899292,
        "accuracy": 0.6818181818181818,
        "f1": 0.72,
        "precision": 1.0,
        "recall": 0.5625,
        "sensitivity": 0.5625,
        "specificity": 1.0,
        "auc": 0.7916666666666667,
        "fold": 0,
        "repeat": 2,
        "accuracy_argmax": 0.7272727272727273,
        "f1_argmax": 0.8125,
        "precision_argmax": 0.8125,
        "recall_argmax": 0.8125,
        "sensitivity_argmax": 0.8125,
        "specificity_argmax": 0.5,
        "threshold_argmax": 0.5
      },
      {
        "threshold": 0.6069186925888062,
        "accuracy": 0.8095238095238095,
        "f1": 0.8571428571428571,
        "precision": 1.0,
        "recall": 0.75,
        "sensitivity": 0.75,
        "specificity": 1.0,
        "auc": 0.8750000000000001,
        "fold": 1,
        "repeat": 2,
        "accuracy_argmax": 0.8571428571428571,
        "f1_argmax": 0.9032258064516129,
        "precision_argmax": 0.9333333333333333,
        "recall_argmax": 0.875,
        "sensitivity_argmax": 0.875,
        "specificity_argmax": 0.8,
        "threshold_argmax": 0.5
      },
      {
        "threshold": 0.2077977955341339,
        "accuracy": 0.9523809523809523,
        "f1": 0.9696969696969697,
        "precision": 0.9411764705882353,
        "recall": 1.0,
        "sensitivity": 1.0,
        "specificity": 0.8,
        "auc": 0.8,
        "fold": 2,
        "repeat": 2,
        "accuracy_argmax": 0.5714285714285714,
        "f1_argmax": 0.64,
        "precision_argmax": 0.8888888888888888,
        "recall_argmax": 0.5,
        "sensitivity_argmax": 0.5,
        "specificity_argmax": 0.8,
        "threshold_argmax": 0.5
      },
      {
        "threshold": 0.27934789657592773,
        "accuracy": 1.0,
        "f1": 1.0,
        "precision": 1.0,
        "recall": 1.0,
        "sensitivity": 1.0,
        "specificity": 1.0,
        "auc": 1.0,
        "fold": 3,
        "repeat": 2,