{
  "clustering": {
    "kmeans_k2": {
      "silhouette": 0.3117153335862031,
      "ari_label": 0.004432299277323315,
      "nmi_label": 0.0004105314315082411,
      "cluster_sizes": [
        22,
        84
      ],
      "cluster_mpap": {
        "0": {
          "mean_mpap": 28.454545454545453,
          "std_mpap": 8.531904150290957,
          "n": 22,
          "ph_rate": 0.7272727272727273
        },
        "1": {
          "mean_mpap": 30.047619047619047,
          "std_mpap": 12.01874009115285,
          "n": 84,
          "ph_rate": 0.75
        }
      },
      "ari_mpap_tertile": -0.003193789367889778
    },
    "kmeans_k3": {
      "silhouette": 0.42266831073107297,
      "ari_label": -0.0069835046511619045,
      "nmi_label": 0.0004581874854704558,
      "cluster_sizes": [
        22,
        67,
        17
      ],
      "cluster_mpap": {
        "0": {
          "mean_mpap": 28.454545454545453,
          "std_mpap": 8.531904150290957,
          "n": 22,
          "ph_rate": 0.7272727272727273
        },
        "1": {
          "mean_mpap": 29.83582089552239,
          "std_mpap": 11.934644183586586,
          "n": 67,
          "ph_rate": 0.746268656716418
        },
        "2": {
          "mean_mpap": 30.88235294117647,
          "std_mpap": 12.309166134806047,
          "n": 17,
          "ph_rate": 0.7647058823529411
        }
      },
      "ari_mpap_tertile": 0.0007035623659202818
    },
    "kmeans_k4": {
      "silhouette": 0.47443508496349523,
      "ari_label": -0.011872208630214997,
      "nmi_label": 0.0005626510207853502,
      "cluster_sizes": [
        22,
        46,
        17,
        21
      ],
      "cluster_mpap": {
        "0": {
          "mean_mpap": 28.454545454545453,
          "std_mpap": 8.531904150290957,
          "n": 22,
          "ph_rate": 0.7272727272727273
        },
        "1": {
          "mean_mpap": 31.130434782608695,
          "std_mpap": 13.153952448916463,
          "n": 46,
          "ph_rate": 0.7391304347826086
        },
        "2": {
          "mean_mpap": 30.88235294117647,
          "std_mpap": 12.309166134806047,
          "n": 17,
          "ph_rate": 0.7647058823529411
        },
        "3": {
          "mean_mpap": 27.0,
          "std_mpap": 7.982122882685139,
          "n": 21,
          "ph_rate": 0.7619047619047619
        }
      },
      "ari_mpap_tertile": 0.009439500299257742
    },
    "gmm_k2": {
      "silhouette": 0.12885761331978882,
      "ari_label": 0.011633069887221384,
      "nmi_label": 0.0011519946578146772,
      "cluster_sizes": [
        85,
        21
      ],
      "cluster_mpap": {
        "0": {
          "mean_mpap": 30.08235294117647,
          "std_mpap": 11.547560745436682,
          "n": 85,
          "ph_rate": 0.7529411764705882
        },
        "1": {
          "mean_mpap": 28.238095238095237,
          "std_mpap": 10.663264763640688,
          "n": 21,
          "ph_rate": 0.7142857142857143
        }
      },
      "ari_mpap_tertile": -0.0074099998793159625
    },
    "gmm_k3": {
      "silhouette": 0.38672759684951796,
      "ari_label": -0.006085200781554842,
      "nmi_label": 0.0003641157934828218,
      "cluster_sizes": [
        41,
        22,
        43
      ],
      "cluster_mpap": {
        "0": {
          "mean_mpap": 28.48780487804878,
          "std_mpap": 10.111866854295531,
          "n": 41,
          "ph_rate": 0.7560975609756098
        },
        "1": {
          "mean_mpap": 28.454545454545453,
          "std_mpap": 8.531904150290957,
          "n": 22,
          "ph_rate": 0.7272727272727273
        },
        "2": {
          "mean_mpap": 31.53488372093023,
          "std_mpap": 13.422211437397346,
          "n": 43,
          "ph_rate": 0.7441860465116279
        }
      },
      "ari_mpap_tertile": 0.007413339490842337
    }
  },
  "attention_profiles": {
    "by_class": {
      "0": {
        "artery": {
          "mean": 0.5941497915320926,
          "std": 0.15668535454159735
        },
        "vein": {
          "mean": 0.16711177902848082,
          "std": 0.11108393741818032
        },
        "airway": {
          "mean": 0.2387384329405096,
          "std": 0.14200173727382634
        }
      },
      "1": {
        "artery": {
          "mean": 0.563343917267232,
          "std": 0.16286446323573014
        },
        "vein": {
          "mean": 0.1759118710562021,
          "std": 0.14255356634592162
        },
        "airway": {
          "mean": 0.26074421208622994,
          "std": 0.1617563695108508
        }
      }
    },
    "dominant_structure_counts": {
      "artery": 86,
      "vein": 7,
      "airway": 13
    },
    "artery_mpap_correlation": -0.019723749199627844,
    "vein_mpap_correlation": 0.09762791627403031,
    "airway_mpap_correlation": -0.06368890531092983
  }
}