{
  "n": 190,
  "n_features": 145,
  "n_mpap_resolved": 102,
  "per_seed_rho": [
    0.5065651517616738,
    0.4071035178489925,
    0.45692696062720495,
    0.4690727120759157,
    0.47850563176093497
  ],
  "per_seed_mean": 0.4636347948149444,
  "per_seed_std": 0.03266346153755409,
  "ensemble_rho": 0.529130134737157,
  "ensemble_p": 1.081968179379094e-08,
  "improvement_over_R25B_single_seed": 0.04313013473715699,
  "gate_rho_ge_0.50": true
}