{
  "n_total": 196,
  "n_label0": 26,
  "n_label1": 170,
  "avg_nodes": 278.9744897959184,
  "avg_edges": 514.9795918367347
}