{
  "clustering": {
    "kmeans_k2": {
      "silhouette": 0.4087367293540357,
      "ari_label": 0.004432299277323315,
      "nmi_label": 0.0004105314315082411,
      "cluster_sizes": [
        22,
        84
      ],
      "cluster_mpap": {
        "0": {
          "mean_mpap": 28.454545454545453,
          "std_mpap": 8.531904150290957,
          "n": 22,
          "ph_rate": 0.7272727272727273
        },
        "1": {
          "mean_mpap": 30.047619047619047,
          "std_mpap": 12.01874009115285,
          "n": 84,
          "ph_rate": 0.75
        }
      },
      "ari_mpap_tertile": -0.003193789367889778
    },
    "kmeans_k3": {
      "silhouette": 0.44149067836382294,
      "ari_label": -0.005670284135503561,
      "nmi_label": 0.000640131379918767,
      "cluster_sizes": [
        42,
        22,
        42
      ],
      "cluster_mpap": {
        "0": {
          "mean_mpap": 27.61904761904762,
          "std_mpap": 9.438907273701863,
          "n": 42,
          "ph_rate": 0.7380952380952381
        },
        "1": {
          "mean_mpap": 28.454545454545453,
          "std_mpap": 8.531904150290957,
          "n": 22,
          "ph_rate": 0.7272727272727273
        },
        "2": {
          "mean_mpap": 32.476190476190474,
          "std_mpap": 13.711722644091104,
          "n": 42,
          "ph_rate": 0.7619047619047619
        }
      },
      "ari_mpap_tertile": 0.029309899120612323
    },
    "kmeans_k4": {
      "silhouette": 0.5544986924731253,
      "ari_label": -0.01134625566209777,
      "nmi_label": 0.0005477020047242011,
      "cluster_sizes": [
        21,
        22,
        42,
        21
      ],
      "cluster_mpap": {
        "0": {
          "mean_mpap": 31.142857142857142,
          "std_mpap": 12.460549992775157,
          "n": 21,
          "ph_rate": 0.7619047619047619
        },
        "1": {
          "mean_mpap": 28.454545454545453,
          "std_mpap": 8.531904150290957,
          "n": 22,
          "ph_rate": 0.7272727272727273
        },
        "2": {
          "mean_mpap": 27.61904761904762,
          "std_mpap": 9.438907273701863,
          "n": 42,
          "ph_rate": 0.7380952380952381
        },
        "3": {
          "mean_mpap": 33.80952380952381,
          "std_mpap": 14.737768286241879,
          "n": 21,
          "ph_rate": 0.7619047619047619
        }
      },
      "ari_mpap_tertile": 0.02386249843031062
    },
    "gmm_k2": {
      "silhouette": 0.2559932217963025,
      "ari_label": -0.013468312464849185,
      "nmi_label": 0.0003413389962449336,
      "cluster_sizes": [
        85,
        21
      ],
      "cluster_mpap": {
        "0": {
          "mean_mpap": 30.388235294117646,
          "std_mpap": 12.004013169766633,
          "n": 85,
          "ph_rate": 0.7411764705882353
        },
        "1": {
          "mean_mpap": 27.0,
          "std_mpap": 7.982122882685139,
          "n": 21,
          "ph_rate": 0.7619047619047619
        }
      },
      "ari_mpap_tertile": 0.02201276837112755
    },
    "gmm_k3": {
      "silhouette": 0.3545820018290824,
      "ari_label": -0.011031606326853566,
      "nmi_label": 0.0002482210027379392,
      "cluster_sizes": [
        21,
        42,
        43
      ],
      "cluster_mpap": {
        "0": {
          "mean_mpap": 27.0,
          "std_mpap": 7.982122882685139,
          "n": 21,
          "ph_rate": 0.7619047619047619
        },
        "1": {
          "mean_mpap": 31.023809523809526,
          "std_mpap": 13.161068300896462,
          "n": 42,
          "ph_rate": 0.7380952380952381
        },
        "2": {
          "mean_mpap": 29.767441860465116,
          "std_mpap": 10.7180291691092,
          "n": 43,
          "ph_rate": 0.7441860465116279
        }
      },
      "ari_mpap_tertile": 0.012547407009906482
    }
  },
  "attention_profiles": {
    "by_class": {
      "0": {
        "artery": {
          "mean": 0.47980529676984857,
          "std": 0.23500622234690696
        },
        "vein": {
          "mean": 0.21167959454383148,
          "std": 0.19735999449119465
        },
        "airway": {
          "mean": 0.30851511533061665,
          "std": 0.1569271906012031
        }
      },
      "1": {
        "artery": {
          "mean": 0.4531890256212482,
          "std": 0.23858979146769985
        },
        "vein": {
          "mean": 0.2310172333508248,
          "std": 0.17129635103666396
        },
        "airway": {
          "mean": 0.3157937423432175,
          "std": 0.20350512050769992
        }
      }
    },
    "dominant_structure_counts": {
      "artery": 52,
      "vein": 15,
      "airway": 39
    },
    "artery_mpap_correlation": 0.024773649600417343,
    "vein_mpap_correlation": 0.11506814944310033,
    "airway_mpap_correlation": -0.13715203774387533
  }
}