{
  "_config": {
    "arm": "arm_c",
    "globals_keep": "local4",
    "epochs": 120,
    "lr": 0.001,
    "wd": 0.0005,
    "batch_size": 16,
    "seed": 42,
    "total_labels": 282,
    "augment": [
      "edge_drop",
      "feature_mask"
    ],
    "pa_ao": false,
    "residual": false,
    "repeats": 3
  },
  "baseline": {
    "gcn_only": {
      "folds": [
        {
          "AUC": 0.9558823529411764,
          "Accuracy": 0.9387755102040817,
          "Precision": 0.967741935483871,
          "Sensitivity": 0.9375,
          "F1": 0.9523809523809523,
          "Specificity": 0.9411764705882353,
          "threshold": 0.5012564659118652,
          "AUC_argmax": 0.9558823529411764,
          "Accuracy_argmax": 0.9387755102040817,
          "Precision_argmax": 0.967741935483871,
          "Sensitivity_argmax": 0.9375,
          "F1_argmax": 0.9523809523809523,
          "Specificity_argmax": 0.9411764705882353
        },
        {
          "AUC": 0.9729166666666667,
          "Accuracy": 0.9574468085106383,
          "Precision": 0.9411764705882353,
          "Sensitivity": 1.0,
          "F1": 0.9696969696969697,
          "Specificity": 0.8666666666666667,
          "threshold": 0.3131249248981476,
          "AUC_argmax": 0.9729166666666667,
          "Accuracy_argmax": 0.8723404255319149,
          "Precision_argmax": 0.9333333333333333,
          "Sensitivity_argmax": 0.875,
          "F1_argmax": 0.9032258064516129,
          "Specificity_argmax": 0.8666666666666667
        },
        {
          "AUC": 0.985858585858586,
          "Accuracy": 0.9583333333333334,
          "Precision": 1.0,
          "Sensitivity": 0.9393939393939394,
          "F1": 0.96875,
          "Specificity": 1.0,
          "threshold": 0.572744607925415,
          "AUC_argmax": 0.985858585858586,
          "Accuracy_argmax": 0.9166666666666666,
          "Precision_argmax": 0.8918918918918919,
          "Sensitivity_argmax": 1.0,
          "F1_argmax": 0.9428571428571428,
          "Specificity_argmax": 0.7333333333333333
        },
        {
          "AUC": 0.9839572192513368,
          "Accuracy": 0.94,
          "Precision": 0.96875,
          "Sensitivity": 0.9393939393939394,
          "F1": 0.9538461538461539,
          "Specificity": 0.9411764705882353,
          "threshold": 0.449358731508255,
          "AUC_argmax": 0.9839572192513368,
          "Accuracy_argmax": 0.92,
          "Precision_argmax": 1.0,
          "Sensitivity_argmax": 0.8787878787878788,
          "F1_argmax": 0.9354838709677419,
          "Specificity_argmax": 1.0
        },
        {
          "AUC": 0.8901515151515151,
          "Accuracy": 0.9183673469387755,
          "Precision": 0.9142857142857143,
          "Sensitivity": 0.9696969696969697,
          "F1": 0.9411764705882353,
          "Specificity": 0.8125,
          "threshold": 0.7030770778656006,
          "AUC_argmax": 0.8901515151515151,
          "Accuracy_argmax": 0.8979591836734694,
          "Precision_argmax": 0.868421052631579,
          "Sensitivity_argmax": 1.0,
          "F1_argmax": 0.9295774647887324,
          "Specificity_argmax": 0.6875
        },
        {
          "AUC": 0.9595588235294117,
          "Accuracy": 0.9183673469387755,
          "Precision": 0.9666666666666667,
          "Sensitivity": 0.90625,
          "F1": 0.9354838709677419,
          "Specificity": 0.9411764705882353,
          "threshold": 0.6112340688705444,
          "AUC_argmax": 0.9595588235294117,
          "Accuracy_argmax": 0.8775510204081632,
          "Precision_argmax": 0.8611111111111112,
          "Sensitivity_argmax": 0.96875,
          "F1_argmax": 0.9117647058823529,
          "Specificity_argmax": 0.7058823529411765
        },
        {
          "AUC": 0.9729166666666667,
          "Accuracy": 0.9361702127659575,
          "Precision": 0.9393939393939394,
          "Sensitivity": 0.96875,
          "F1": 0.9538461538461539,
          "Specificity": 0.8666666666666667,
          "threshold": 0.3326428532600403,
          "AUC_argmax": 0.9729166666666667,
          "Accuracy_argmax": 0.8297872340425532,
          "Precision_argmax": 0.9285714285714286,
          "Sensitivity_argmax": 0.8125,
          "F1_argmax": 0.8666666666666667,
          "Specificity_argmax": 0.8666666666666667
        },
        {
          "AUC": 0.985858585858586,
          "Accuracy": 0.9583333333333334,
          "Precision": 0.9696969696969697,
          "Sensitivity": 0.9696969696969697,
          "F1": 0.9696969696969697,
          "Specificity": 0.9333333333333333,
          "threshold": 0.5361739993095398,
          "AUC_argmax": 0.985858585858586,
          "Accuracy_argmax": 0.9166666666666666,
          "Precision_argmax": 0.9142857142857143,
          "Sensitivity_argmax": 0.9696969696969697,
          "F1_argmax": 0.9411764705882353,
          "Specificity_argmax": 0.8
        },
        {
          "AUC": 0.9839572192513368,
          "Accuracy": 0.94,
          "Precision": 0.96875,
          "Sensitivity": 0.9393939393939394,
          "F1": 0.9538461538461539,
          "Specificity": 0.9411764705882353,
          "threshold": 0.5408785343170166,
          "AUC_argmax": 0.9839572192513368,
          "Accuracy_argmax": 0.9,
          "Precision_argmax": 0.8888888888888888,
          "Sensitivity_argmax": 0.9696969696969697,
          "F1_argmax": 0.927536231884058,
          "Specificity_argmax": 0.7647058823529411
        },
        {
          "AUC": 0.8996212121212122,
          "Accuracy": 0.8571428571428571,
          "Precision": 0.9642857142857143,
          "Sensitivity": 0.8181818181818182,
          "F1": 0.8852459016393442,
          "Specificity": 0.9375,
          "threshold": 0.26643139123916626,
          "AUC_argmax": 0.8996212121212122,
          "Accuracy_argmax": 0.5714285714285714,
          "Precision_argmax": 0.9285714285714286,
          "Sensitivity_argmax": 0.3939393939393939,
          "F1_argmax": 0.5531914893617021,
          "Specificity_argmax": 0.9375
        },
        {
          "AUC": 0.9540441176470588,
          "Accuracy": 0.9387755102040817,
          "Precision": 0.967741935483871,
          "Sensitivity": 0.9375,
          "F1": 0.9523809523809523,
          "Specificity": 0.9411764705882353,
          "threshold": 0.5656078457832336,
          "AUC_argmax": 0.9540441176470588,
          "Accuracy_argmax": 0.8979591836734694,
          "Precision_argmax": 0.9090909090909091,
          "Sensitivity_argmax": 0.9375,
          "F1_argmax": 0.9230769230769231,
          "Specificity_argmax": 0.8235294117647058
        },
        {
          "AUC": 0.9708333333333333,
          "Accuracy": 0.9574468085106383,
          "Precision": 0.9411764705882353,
          "Sensitivity": 1.0,
          "F1": 0.9696969696969697,
          "Specificity": 0.8666666666666667,
          "threshold": 0.2737303376197815,
          "AUC_argmax": 0.9708333333333333,
          "Accuracy_argmax": 0.8085106382978723,
          "Precision_argmax": 0.9259259259259259,
          "Sensitivity_argmax": 0.78125,
          "F1_argmax": 0.847457627118644,
          "Specificity_argmax": 0.8666666666666667
        },
        {
          "AUC": 0.985858585858586,
          "Accuracy": 0.9583333333333334,
          "Precision": 1.0,
          "Sensitivity": 0.9393939393939394,
          "F1": 0.96875,
          "Specificity": 1.0,
          "threshold": 0.5318759083747864,
          "AUC_argmax": 0.985858585858586,
          "Accuracy_argmax": 0.9166666666666666,
          "Precision_argmax": 0.9393939393939394,
          "Sensitivity_argmax": 0.9393939393939394,
          "F1_argmax": 0.9393939393939394,
          "Specificity_argmax": 0.8666666666666667
        },
        {
          "AUC": 0.9857397504456328,
          "Accuracy": 0.94,
          "Precision": 0.96875,
          "Sensitivity": 0.9393939393939394,
          "F1": 0.9538461538461539,
          "Specificity": 0.9411764705882353,