{
  "artery": {
    "n": 196,
    "n_features": 44,
    "auc": 0.7486302870918256,
    "ci95": [
      0.649128862590401,
      0.8417762436993207
    ]
  },
  "vein": {
    "n": 191,
    "n_features": 44,
    "auc": 0.7766485998193315,
    "ci95": [
      0.6680160343270098,
      0.8663166214995482
    ]
  },
  "airway": {
    "n": 191,
    "n_features": 44,
    "auc": 0.7974254742547425,
    "ci95": [
      0.7063911472448058,
      0.8771510840108401
    ]
  },
  "all_three": {
    "n": 190,
    "n_features": 132,
    "auc": 0.7691433765053397,
    "ci95": [
      0.6525675982731197,
      0.8750511247443762
    ]
  }
}