{
  "train_loss": [
    0.6805622660661046,
    0.6595229687570017,
    0.6342966903614092,
    0.6492677195162713,
    0.6076630504825448,
    0.6050982497915437,
    0.5721829820282852,
    0.5542085012303123,
    0.5296639588814748,
    0.5293595866311954,
    0.5007456541061401,
    0.5058628565902952,
    0.43097406512574304,
    0.4032873831972291,
    0.4536480239675015,
    0.42864935420736483,
    0.36927925634987746,
    0.3628758109068569,
    0.3842935094350501,
    0.3948420555908469,
    0.4552675327168235,
    0.384743794798851,
    0.4090292961159839,
    0.36111612938627413,
    0.3821187342835378,
    0.38119952078861524,
    0.3774283669794662,
    0.2560821692400341,
    0.35327413225475746,
    0.30939505654799787,
    0.32689811534519436,
    0.35417316910586777,
    0.2973975824027122,
    0.265427639590034,
    0.31767150363590146,
    0.2740051226713989,
    0.3862105411819265,
    0.3130117100250872,
    0.3121584440711178,
    0.248586505651474,
    0.269757610521739,
    0.2844403940665571,
    0.24900428931924362,
    0.29705001904240136,
    0.29328049568435816,
    0.2595597645149955,
    0.34890867147264604,
    0.2886473230923278,
    0.29231276825259006,
    0.2524673416267467
  ],
  "val_loss": [
    0.6524292349815368,
    0.6340235233306885,
    0.6203937411308289,
    0.6484893441200257,
    0.6523884415626526,
    0.5767446398735047,
    0.5261648237705231,
    0.5747042119503021,
    0.5274865508079529,
    0.42122432589530945,
    0.48653400540351865,
    0.463234680891037,
    0.37460002303123474,
    0.36388279497623444,
    0.38818269968032837,
    0.47834771275520327,
    0.44235739707946775,
    0.4452055633068085,
    0.42729881405830383,
    0.3903735190629959,
    0.44263045489788055,
    0.40235595405101776,
    0.41735189855098725,
    0.46536968648433685,
    0.4206223517656326,
    0.3894635111093521,
    0.46174860298633574,
    0.4151673436164856,
    0.46515684127807616,
    0.38938239961862564,
    0.44217168390750883,
    0.47927028834819796,
    0.5033313184976578,
    0.4419413864612579,
    0.4191098853945732,
    0.4621847629547119,
    0.500820642709732,
    0.42181313335895537,
    0.4483846813440323,
    0.4939585328102112,
    0.4049158662557602,
    0.40790051519870757,
    0.44140852987766266,
    0.45292150378227236,
    0.4283098429441452,
    0.49258996546268463,
    0.41335156708955767,
    0.42096416652202606,
    0.471640345454216,
    0.4686759740114212
  ],
  "val_auc": [
    0.4558823529411765,
    0.5,
    0.4852941176470588,
    0.47794117647058826,
    0.5661764705882353,
    0.6911764705882353,
    0.5735294117647058,
    0.5882352941176471,
    0.6029411764705883,
    0.7794117647058824,
    0.5808823529411764,
    0.6323529411764706,
    0.6985294117647058,
    0.7573529411764706,
    0.6470588235294117,
    0.6764705882352942,
    0.7573529411764706,
    0.6838235294117647,
    0.7426470588235294,
    0.6544117647058824,
    0.7426470588235294,
    0.7058823529411764,
    0.6985294117647058,
    0.6691176470588236,
    0.7205882352941178,
    0.6691176470588236,
    0.7573529411764707,
    0.7279411764705883,
    0.7279411764705883,
    0.6764705882352942,
    0.7573529411764706,
    0.7279411764705883,
    0.7132352941176471,
    0.7352941176470589,
    0.6838235294117647,
    0.7352941176470589,
    0.7205882352941176,
    0.6985294117647058,
    0.6838235294117647,
    0.7205882352941176,
    0.75,
    0.7426470588235294,
    0.7426470588235294,
    0.7058823529411764,
    0.7352941176470589,
    0.75,
    0.7132352941176471,
    0.7205882352941176,
    0.7426470588235294,
    0.6911764705882353
  ],
  "val_f1": [
    0.9444444444444444,
    0.9117647058823529,
    0.8064516129032258,
    0.7142857142857143,
    0.6909090909090909,
    0.9090909090909091,
    0.8923076923076924,
    0.819672131147541,
    0.875,
    0.8923076923076924,
    0.875,
    0.8387096774193549,
    0.9253731343283582,
    0.9253731343283582,
    0.8923076923076924,
    0.8387096774193549,
    0.8387096774193549,
    0.875,
    0.8571428571428571,
    0.8955223880597015,
    0.8571428571428571,
    0.8923076923076924,
    0.8923076923076924,
    0.8571428571428571,
    0.8387096774193549,
    0.9090909090909091,
    0.8524590163934426,
    0.875,
    0.819672131147541,
    0.9090909090909091,
    0.819672131147541,
    0.819672131147541,
    0.819672131147541,
    0.8571428571428571,
    0.9090909090909091,
    0.8387096774193549,
    0.8387096774193549,
    0.8923076923076924,
    0.8923076923076924,
    0.8387096774193549,
    0.8923076923076924,
    0.8923076923076924,
    0.8571428571428571,
    0.8923076923076924,
    0.8923076923076924,
    0.819672131147541,
    0.9090909090909091,
    0.9090909090909091,
    0.819672131147541,
    0.8955223880597015
  ],
  "val_acc": [
    0.8947368421052632,
    0.8421052631578947,
    0.6842105263157895,
    0.5789473684210527,
    0.5526315789473685,
    0.8421052631578947,
    0.8157894736842105,
    0.7105263157894737,
    0.7894736842105263,
    0.8157894736842105,
    0.7894736842105263,
    0.7368421052631579,
    0.868421052631579,
    0.868421052631579,
    0.8157894736842105,
    0.7368421052631579,
    0.7368421052631579,
    0.7894736842105263,
    0.7631578947368421,
    0.8157894736842105,
    0.7631578947368421,
    0.8157894736842105,
    0.8157894736842105,
    0.7631578947368421,
    0.7368421052631579,
    0.8421052631578947,
    0.7631578947368421,
    0.7894736842105263,
    0.7105263157894737,
    0.8421052631578947,
    0.7105263157894737,
    0.7105263157894737,
    0.7105263157894737,
    0.7631578947368421,
    0.8421052631578947,
    0.7368421052631579,
    0.7368421052631579,
    0.8157894736842105,
    0.8157894736842105,
    0.7368421052631579,
    0.8157894736842105,
    0.8157894736842105,
    0.7631578947368421,
    0.8157894736842105,
    0.8157894736842105,
    0.7105263157894737,
    0.8421052631578947,
    0.8421052631578947,
    0.7105263157894737,
    0.8157894736842105
  ]
}