{
  "variant": "mode_gcn",
  "mode": "pulmonary_gcn",
  "repeats": 3,
  "seed_base": 42,
  "use_focal": true,
  "node_drop_p": 0.1,
  "mpap_aux": true,
  "mpap_aux_weight": 0.1,
  "use_youden": true,
  "splits_file": "data/splits_gold.json",
  "labels_file": "data/labels_gold.csv",
  "n_cases": 106,
  "results": {
    "folds": [
      {
        "threshold": 0.4308599531650543,
        "accuracy": 1.0,
        "f1": 1.0,
        "precision": 1.0,
        "recall": 1.0,
        "sensitivity": 1.0,
        "specificity": 1.0,
        "auc": 1.0,
        "fold": 0,
        "repeat": 0,
        "accuracy_argmax": 0.6818181818181818,
        "f1_argmax": 0.72,
        "precision_argmax": 1.0,
        "recall_argmax": 0.5625,
        "sensitivity_argmax": 0.5625,
        "specificity_argmax": 1.0,
        "threshold_argmax": 0.5
      },
      {
        "threshold": 0.4100547432899475,
        "accuracy": 0.8571428571428571,
        "f1": 0.896551724137931,
        "precision": 1.0,
        "recall": 0.8125,
        "sensitivity": 0.8125,
        "specificity": 1.0,
        "auc": 0.8999999999999999,
        "fold": 1,
        "repeat": 0,
        "accuracy_argmax": 0.7142857142857143,
        "f1_argmax": 0.7692307692307693,
        "precision_argmax": 1.0,
        "recall_argmax": 0.625,
        "sensitivity_argmax": 0.625,
        "specificity_argmax": 1.0,
        "threshold_argmax": 0.5
      },
      {
        "threshold": 0.17237068712711334,
        "accuracy": 0.8571428571428571,
        "f1": 0.9142857142857143,
        "precision": 0.8421052631578947,
        "recall": 1.0,
        "sensitivity": 1.0,
        "specificity": 0.4,
        "auc": 0.7,
        "fold": 2,
        "repeat": 0,
        "accuracy_argmax": 0.6190476190476191,
        "f1_argmax": 0.7142857142857143,
        "precision_argmax": 0.8333333333333334,
        "recall_argmax": 0.625,
        "sensitivity_argmax": 0.625,
        "specificity_argmax": 0.6,
        "threshold_argmax": 0.5
      },
      {
        "threshold": 0.5161368250846863,
        "accuracy": 0.9047619047619048,
        "f1": 0.9333333333333333,
        "precision": 1.0,
        "recall": 0.875,
        "sensitivity": 0.875,
        "specificity": 1.0,
        "auc": 0.925,
        "fold": 3,
        "repeat": 0,
        "accuracy_argmax": 0.9047619047619048,
        "f1_argmax": 0.9333333333333333,
        "precision_argmax": 1.0,
        "recall_argmax": 0.875,
        "sensitivity_argmax": 0.875,
        "specificity_argmax": 1.0,
        "threshold_argmax": 0.5
      },
      {
        "threshold": 0.40464264154434204,
        "accuracy": 0.8095238095238095,
        "f1": 0.8571428571428571,
        "precision": 0.9230769230769231,
        "recall": 0.8,
        "sensitivity": 0.8,
        "specificity": 0.8333333333333334,
        "auc": 0.8555555555555556,
        "fold": 4,
        "repeat": 0,
        "accuracy_argmax": 0.6190476190476191,
        "f1_argmax": 0.6666666666666666,
        "precision_argmax": 0.8888888888888888,
        "recall_argmax": 0.5333333333333333,
        "sensitivity_argmax": 0.5333333333333333,
        "specificity_argmax": 0.8333333333333334,
        "threshold_argmax": 0.5
      },
      {
        "threshold": 0.48292431235313416,
        "accuracy": 0.9090909090909091,
        "f1": 0.9333333333333333,
        "precision": 1.0,
        "recall": 0.875,
        "sensitivity": 0.875,
        "specificity": 1.0,
        "auc": 0.9791666666666667,
        "fold": 0,
        "repeat": 1,
        "accuracy_argmax": 0.7727272727272727,
        "f1_argmax": 0.8148148148148148,
        "precision_argmax": 1.0,
        "recall_argmax": 0.6875,
        "sensitivity_argmax": 0.6875,
        "specificity_argmax": 1.0,
        "threshold_argmax": 0.5
      },
      {
        "threshold": 0.7208924889564514,
        "accuracy": 0.7142857142857143,
        "f1": 0.7692307692307693,
        "precision": 1.0,
        "recall": 0.625,
        "sensitivity": 0.625,
        "specificity": 1.0,
        "auc": 0.8625,
        "fold": 1,
        "repeat": 1,
        "accuracy_argmax": 0.6666666666666666,
        "f1_argmax": 0.7586206896551724,
        "precision_argmax": 0.8461538461538461,
        "recall_argmax": 0.6875,
        "sensitivity_argmax": 0.6875,
        "specificity_argmax": 0.6,
        "threshold_argmax": 0.5
      },
      {
        "threshold": 0.3421473503112793,
        "accuracy": 0.8095238095238095,
        "f1": 0.8666666666666667,
        "precision": 0.9285714285714286,
        "recall": 0.8125,
        "sensitivity": 0.8125,
        "specificity": 0.8,
        "auc": 0.85,
        "fold": 2,
        "repeat": 1,
        "accuracy_argmax": 0.5714285714285714,
        "f1_argmax": 0.6086956521739131,
        "precision_argmax": 1.0,
        "recall_argmax": 0.4375,
        "sensitivity_argmax": 0.4375,
        "specificity_argmax": 1.0,
        "threshold_argmax": 0.5
      },
      {
        "threshold": 0.42964857816696167,
        "accuracy": 0.9047619047619048,
        "f1": 0.9375,
        "precision": 0.9375,
        "recall": 0.9375,
        "sensitivity": 0.9375,
        "specificity": 0.8,
        "auc": 0.8875000000000001,
        "fold": 3,
        "repeat": 1,
        "accuracy_argmax": 0.5714285714285714,
        "f1_argmax": 0.6086956521739131,
        "precision_argmax": 1.0,
        "recall_argmax": 0.4375,
        "sensitivity_argmax": 0.4375,
        "specificity_argmax": 1.0,
        "threshold_argmax": 0.5
      },
      {
        "threshold": 0.2884531021118164,
        "accuracy": 0.8095238095238095,
        "f1": 0.8666666666666667,
        "precision": 0.8666666666666667,
        "recall": 0.8666666666666667,
        "sensitivity": 0.8666666666666667,
        "specificity": 0.6666666666666666,
        "auc": 0.7999999999999999,
        "fold": 4,
        "repeat": 1,
        "accuracy_argmax": 0.3333333333333333,
        "f1_argmax": 0.125,
        "precision_argmax": 1.0,
        "recall_argmax": 0.06666666666666667,
        "sensitivity_argmax": 0.06666666666666667,
        "specificity_argmax": 1.0,
        "threshold_argmax": 0.5
      },
      {
        "threshold": 0.4334649443626404,
        "accuracy": 0.6363636363636364,
        "f1": 0.6923076923076923,
        "precision": 0.9,
        "recall": 0.5625,
        "sensitivity": 0.5625,
        "specificity": 0.8333333333333334,
        "auc": 0.6458333333333334,
        "fold": 0,
        "repeat": 2,
        "accuracy_argmax": 0.5454545454545454,
        "f1_argmax": 0.5833333333333334,
        "precision_argmax": 0.875,
        "recall_argmax": 0.4375,
        "sensitivity_argmax": 0.4375,
        "specificity_argmax": 0.8333333333333334,
        "threshold_argmax": 0.5
      },
      {
        "threshold": 0.757955014705658,
        "accuracy": 0.8571428571428571,
        "f1": 0.9032258064516129,
        "precision": 0.9333333333333333,
        "recall": 0.875,
        "sensitivity": 0.875,
        "specificity": 0.8,
        "auc": 0.8875,
        "fold": 1,
        "repeat": 2,
        "accuracy_argmax": 0.8571428571428571,
        "f1_argmax": 0.9142857142857143,
        "precision_argmax": 0.8421052631578947,
        "recall_argmax": 1.0,
        "sensitivity_argmax": 1.0,
        "specificity_argmax": 0.4,
        "threshold_argmax": 0.5
      },
      {
        "threshold": 0.3963923156261444,
        "accuracy": 0.9523809523809523,
        "f1": 0.967741935483871,
        "precision": 1.0,
        "recall": 0.9375,
        "sensitivity": 0.9375,
        "specificity": 1.0,
        "auc": 0.9875,
        "fold": 2,
        "repeat": 2,
        "accuracy_argmax": 0.7142857142857143,
        "f1_argmax": 0.7692307692307693,
        "precision_argmax": 1.0,
        "recall_argmax": 0.625,
        "sensitivity_argmax": 0.625,
        "specificity_argmax": 1.0,
        "threshold_argmax": 0.5
      },
      {
        "threshold": 0.34314659237861633,
        "accuracy": 1.0,