{
  "_config": {
    "arm": "arm_a",
    "globals_keep": "local4",
    "epochs": 120,
    "lr": 0.001,
    "wd": 0.0005,
    "batch_size": 16,
    "seed": 42,
    "total_labels": 282,
    "augment": [
      "edge_drop",
      "feature_mask"
    ],
    "pa_ao": false,
    "residual": false,
    "repeats": 3
  },
  "baseline": {
    "gcn_only": {
      "folds": [
        {
          "AUC": 0.9283088235294118,
          "Accuracy": 0.8979591836734694,
          "Precision": 0.9090909090909091,
          "Sensitivity": 0.9375,
          "F1": 0.9230769230769231,
          "Specificity": 0.8235294117647058,
          "threshold": 0.41103577613830566,
          "AUC_argmax": 0.9283088235294118,
          "Accuracy_argmax": 0.7959183673469388,
          "Precision_argmax": 0.9230769230769231,
          "Sensitivity_argmax": 0.75,
          "F1_argmax": 0.8275862068965517,
          "Specificity_argmax": 0.8823529411764706
        },
        {
          "AUC": 0.89375,
          "Accuracy": 0.851063829787234,
          "Precision": 0.9629629629629629,
          "Sensitivity": 0.8125,
          "F1": 0.8813559322033898,
          "Specificity": 0.9333333333333333,
          "threshold": 0.5055849552154541,
          "AUC_argmax": 0.89375,
          "Accuracy_argmax": 0.851063829787234,
          "Precision_argmax": 0.9629629629629629,
          "Sensitivity_argmax": 0.8125,
          "F1_argmax": 0.8813559322033898,
          "Specificity_argmax": 0.9333333333333333
        },
        {
          "AUC": 0.9515151515151515,
          "Accuracy": 0.9375,
          "Precision": 0.9166666666666666,
          "Sensitivity": 1.0,
          "F1": 0.9565217391304348,
          "Specificity": 0.8,
          "threshold": 0.2523854672908783,
          "AUC_argmax": 0.9515151515151515,
          "Accuracy_argmax": 0.8333333333333334,
          "Precision_argmax": 0.9310344827586207,
          "Sensitivity_argmax": 0.8181818181818182,
          "F1_argmax": 0.8709677419354839,
          "Specificity_argmax": 0.8666666666666667
        },
        {
          "AUC": 0.9536541889483067,
          "Accuracy": 0.9,
          "Precision": 0.9666666666666667,
          "Sensitivity": 0.8787878787878788,
          "F1": 0.9206349206349206,
          "Specificity": 0.9411764705882353,
          "threshold": 0.4845126271247864,
          "AUC_argmax": 0.9536541889483067,
          "Accuracy_argmax": 0.88,
          "Precision_argmax": 1.0,
          "Sensitivity_argmax": 0.8181818181818182,
          "F1_argmax": 0.9,
          "Specificity_argmax": 1.0
        },
        {
          "AUC": 0.8768939393939394,
          "Accuracy": 0.8979591836734694,
          "Precision": 0.868421052631579,
          "Sensitivity": 1.0,
          "F1": 0.9295774647887324,
          "Specificity": 0.6875,
          "threshold": 0.4424871504306793,
          "AUC_argmax": 0.8768939393939394,
          "Accuracy_argmax": 0.8367346938775511,
          "Precision_argmax": 0.8571428571428571,
          "Sensitivity_argmax": 0.9090909090909091,
          "F1_argmax": 0.8823529411764706,
          "Specificity_argmax": 0.6875
        },
        {
          "AUC": 0.9191176470588235,
          "Accuracy": 0.8979591836734694,
          "Precision": 0.9354838709677419,
          "Sensitivity": 0.90625,
          "F1": 0.9206349206349206,
          "Specificity": 0.8823529411764706,
          "threshold": 0.508510172367096,
          "AUC_argmax": 0.9191176470588235,
          "Accuracy_argmax": 0.8979591836734694,
          "Precision_argmax": 0.9354838709677419,
          "Sensitivity_argmax": 0.90625,
          "F1_argmax": 0.9206349206349206,
          "Specificity_argmax": 0.8823529411764706
        },
        {
          "AUC": 0.8895833333333334,
          "Accuracy": 0.8085106382978723,
          "Precision": 1.0,
          "Sensitivity": 0.71875,
          "F1": 0.8363636363636363,
          "Specificity": 1.0,
          "threshold": 0.5775498747825623,
          "AUC_argmax": 0.8895833333333334,
          "Accuracy_argmax": 0.8085106382978723,
          "Precision_argmax": 0.9259259259259259,
          "Sensitivity_argmax": 0.78125,
          "F1_argmax": 0.847457627118644,
          "Specificity_argmax": 0.8666666666666667
        },
        {
          "AUC": 0.9494949494949496,
          "Accuracy": 0.9166666666666666,
          "Precision": 0.9142857142857143,
          "Sensitivity": 0.9696969696969697,
          "F1": 0.9411764705882353,
          "Specificity": 0.8,
          "threshold": 0.2106076329946518,
          "AUC_argmax": 0.9494949494949496,
          "Accuracy_argmax": 0.6875,
          "Precision_argmax": 1.0,
          "Sensitivity_argmax": 0.5454545454545454,
          "F1_argmax": 0.7058823529411765,
          "Specificity_argmax": 1.0
        },
        {
          "AUC": 0.9590017825311943,
          "Accuracy": 0.92,
          "Precision": 0.967741935483871,
          "Sensitivity": 0.9090909090909091,
          "F1": 0.9375,
          "Specificity": 0.9411764705882353,
          "threshold": 0.5454351902008057,
          "AUC_argmax": 0.9590017825311943,
          "Accuracy_argmax": 0.86,
          "Precision_argmax": 0.8611111111111112,
          "Sensitivity_argmax": 0.9393939393939394,
          "F1_argmax": 0.8985507246376812,
          "Specificity_argmax": 0.7058823529411765
        },
        {
          "AUC": 0.884469696969697,
          "Accuracy": 0.8979591836734694,
          "Precision": 0.8888888888888888,
          "Sensitivity": 0.9696969696969697,
          "F1": 0.927536231884058,
          "Specificity": 0.75,
          "threshold": 0.5113367438316345,
          "AUC_argmax": 0.884469696969697,
          "Accuracy_argmax": 0.8775510204081632,
          "Precision_argmax": 0.8648648648648649,
          "Sensitivity_argmax": 0.9696969696969697,
          "F1_argmax": 0.9142857142857143,
          "Specificity_argmax": 0.6875
        },
        {
          "AUC": 0.926470588235294,
          "Accuracy": 0.9183673469387755,
          "Precision": 0.9117647058823529,
          "Sensitivity": 0.96875,
          "F1": 0.9393939393939394,
          "Specificity": 0.8235294117647058,
          "threshold": 0.456161767244339,
          "AUC_argmax": 0.926470588235294,
          "Accuracy_argmax": 0.8571428571428571,
          "Precision_argmax": 0.9310344827586207,
          "Sensitivity_argmax": 0.84375,
          "F1_argmax": 0.8852459016393442,
          "Specificity_argmax": 0.8823529411764706
        },
        {
          "AUC": 0.8833333333333333,
          "Accuracy": 0.8085106382978723,
          "Precision": 1.0,
          "Sensitivity": 0.71875,
          "F1": 0.8363636363636363,
          "Specificity": 1.0,
          "threshold": 0.5061215162277222,
          "AUC_argmax": 0.8833333333333333,
          "Accuracy_argmax": 0.8085106382978723,
          "Precision_argmax": 1.0,
          "Sensitivity_argmax": 0.71875,
          "F1_argmax": 0.8363636363636363,
          "Specificity_argmax": 1.0
        },
        {
          "AUC": 0.9454545454545454,
          "Accuracy": 0.8958333333333334,
          "Precision": 0.9375,
          "Sensitivity": 0.9090909090909091,
          "F1": 0.9230769230769231,
          "Specificity": 0.8666666666666667,
          "threshold": 0.3157337009906769,
          "AUC_argmax": 0.9454545454545454,
          "Accuracy_argmax": 0.7916666666666666,
          "Precision_argmax": 1.0,
          "Sensitivity_argmax": 0.696969696969697,
          "F1_argmax": 0.8214285714285714,
          "Specificity_argmax": 1.0
        },
        {
          "AUC": 0.9500891265597148,
          "Accuracy": 0.92,
          "Precision": 0.967741935483871,
          "Sensitivity": 0.9090909090909091,
          "F1": 0.9375,
          "Specificity": 0.9411764705882353,
          "threshold": 0.5217905044555664,
          "AUC_argmax": 0.9500891265597148,
          "Accuracy_argmax": 0.86,
          "Precision_argmax": 0.8823529411764706,