{
  "clustering": {
    "kmeans_k2": {
      "silhouette": 0.5472009663823552,
      "ari_label": -0.013468312464849185,
      "nmi_label": 0.0003413389962449336,
      "cluster_sizes": [
        85,
        21
      ],
      "cluster_mpap": {
        "0": {
          "mean_mpap": 29.36470588235294,
          "std_mpap": 11.0962071514905,
          "n": 85,
          "ph_rate": 0.7411764705882353
        },
        "1": {
          "mean_mpap": 31.142857142857142,
          "std_mpap": 12.460549992775157,
          "n": 21,
          "ph_rate": 0.7619047619047619
        }
      },
      "ari_mpap_tertile": -0.0035722474988233305
    },
    "kmeans_k3": {
      "silhouette": 0.5496214389591425,
      "ari_label": -0.0072446066031515875,
      "nmi_label": 0.00042245795988165,
      "cluster_sizes": [
        22,
        21,
        63
      ],
      "cluster_mpap": {
        "0": {
          "mean_mpap": 28.454545454545453,
          "std_mpap": 8.531904150290957,
          "n": 22,
          "ph_rate": 0.7272727272727273
        },
        "1": {
          "mean_mpap": 31.142857142857142,
          "std_mpap": 12.460549992775157,
          "n": 21,
          "ph_rate": 0.7619047619047619
        },
        "2": {
          "mean_mpap": 29.682539682539684,
          "std_mpap": 11.845333146836202,
          "n": 63,
          "ph_rate": 0.746031746031746
        }
      },
      "ari_mpap_tertile": -0.004382865219770199
    },
    "kmeans_k4": {
      "silhouette": 0.581549288282408,
      "ari_label": -0.01134625566209777,
      "nmi_label": 0.0005477020047242011,
      "cluster_sizes": [
        22,
        21,
        42,
        21
      ],
      "cluster_mpap": {
        "0": {
          "mean_mpap": 28.454545454545453,
          "std_mpap": 8.531904150290957,
          "n": 22,
          "ph_rate": 0.7272727272727273
        },
        "1": {
          "mean_mpap": 31.142857142857142,
          "std_mpap": 12.460549992775157,
          "n": 21,
          "ph_rate": 0.7619047619047619
        },
        "2": {
          "mean_mpap": 27.61904761904762,
          "std_mpap": 9.438907273701863,
          "n": 42,
          "ph_rate": 0.7380952380952381
        },
        "3": {
          "mean_mpap": 33.80952380952381,
          "std_mpap": 14.737768286241879,
          "n": 21,
          "ph_rate": 0.7619047619047619
        }
      },
      "ari_mpap_tertile": 0.02386249843031062
    },
    "gmm_k2": {
      "silhouette": 0.37402223815571284,
      "ari_label": -0.0067465775856422345,
      "nmi_label": 3.4805266450967896e-06,
      "cluster_sizes": [
        43,
        63
      ],
      "cluster_mpap": {
        "0": {
          "mean_mpap": 29.767441860465116,
          "std_mpap": 10.7180291691092,
          "n": 43,
          "ph_rate": 0.7441860465116279
        },
        "1": {
          "mean_mpap": 29.682539682539684,
          "std_mpap": 11.845333146836202,
          "n": 63,
          "ph_rate": 0.746031746031746
        }
      },
      "ari_mpap_tertile": -0.0007579769005195636
    },
    "gmm_k3": {
      "silhouette": 0.4805476400205873,
      "ari_label": -0.010358482754066048,
      "nmi_label": 0.0013078337214707675,
      "cluster_sizes": [
        43,
        21,
        42
      ],
      "cluster_mpap": {
        "0": {
          "mean_mpap": 27.441860465116278,
          "std_mpap": 9.398917121152705,
          "n": 43,
          "ph_rate": 0.7209302325581395
        },
        "1": {
          "mean_mpap": 31.142857142857142,
          "std_mpap": 12.460549992775157,
          "n": 21,
          "ph_rate": 0.7619047619047619
        },
        "2": {
          "mean_mpap": 31.333333333333332,
          "std_mpap": 12.291434622507053,
          "n": 42,
          "ph_rate": 0.7619047619047619
        }
      },
      "ari_mpap_tertile": 0.02852560430748081
    }
  },
  "attention_profiles": {
    "by_class": {
      "0": {
        "artery": {
          "mean": 0.5739274841767771,
          "std": 0.17541824952480448
        },
        "vein": {
          "mean": 0.1724542991206464,
          "std": 0.09076427270253509
        },
        "airway": {
          "mean": 0.25361821414143954,
          "std": 0.18018029054007068
        }
      },
      "1": {
        "artery": {
          "mean": 0.4909456653308265,
          "std": 0.14851251697967058
        },
        "vein": {
          "mean": 0.23346350339677516,
          "std": 0.16226259466850562
        },
        "airway": {
          "mean": 0.275590828112975,
          "std": 0.15342691875946474
        }
      }
    },
    "dominant_structure_counts": {
      "artery": 80,
      "vein": 10,
      "airway": 16
    },
    "artery_mpap_correlation": -0.1382691854438965,
    "vein_mpap_correlation": 0.31940176706998513,
    "airway_mpap_correlation": -0.15978504863735724
  }
}