{
  "per_lambda": {
    "lambda_0.0": {
      "LR": {
        "mean_seed_auc": 0.835707502374169,
        "sd_seed_auc": 0.03231400187278294,
        "pooled_auc": 0.839110477999367,
        "pooled_ci95": [
          0.7883068528892642,
          0.8838927887920387
        ],
        "n_pooled": 240
      },
      "MLP-32": {
        "mean_seed_auc": 0.8436609686609686,
        "sd_seed_auc": 0.01865158742902208,
        "pooled_auc": 0.8454020259575815,
        "pooled_ci95": [
          0.7939546061954208,
          0.889164630928929
        ],
        "n_pooled": 240
      },
      "MLP-128": {
        "mean_seed_auc": 0.8424738841405509,
        "sd_seed_auc": 0.02545320707786267,
        "pooled_auc": 0.8429091484647041,
        "pooled_ci95": [
          0.7911666179101049,
          0.8882801504319634
        ],
        "n_pooled": 240
      },
      "RF-200": {
        "mean_seed_auc": 0.8244301994301995,
        "sd_seed_auc": 0.03987490941564425,
        "pooled_auc": 0.8273187717632162,
        "pooled_ci95": [
          0.7750834692134482,
          0.8761739699696314
        ],
        "n_pooled": 240
      }
    },
    "lambda_1.0": {
      "LR": {
        "mean_seed_auc": 0.849002849002849,
        "sd_seed_auc": 0.047975253900424265,
        "pooled_auc": 0.8534346312124089,
        "pooled_ci95": [
          0.8029625368496535,
          0.9011353983975949
        ],
        "n_pooled": 240
      },
      "MLP-32": {
        "mean_seed_auc": 0.8668091168091169,
        "sd_seed_auc": 0.014191494903968096,
        "pooled_auc": 0.8658594491927825,
        "pooled_ci95": [
          0.8126407623434293,
          0.9145899719771667
        ],
        "n_pooled": 240
      },
      "MLP-128": {
        "mean_seed_auc": 0.8588556505223172,
        "sd_seed_auc": 0.023821388075172124,
        "pooled_auc": 0.8590534979423868,
        "pooled_ci95": [
          0.8020570962017669,
          0.9090611320574767
        ],
        "n_pooled": 240
      },
      "RF-200": {
        "mean_seed_auc": 0.8530389363722698,
        "sd_seed_auc": 0.06428070898864355,
        "pooled_auc": 0.8516540044317822,
        "pooled_ci95": [
          0.801130360404845,
          0.9008066148658391
        ],
        "n_pooled": 240
      }
    },
    "lambda_5.0": {
      "LR": {
        "mean_seed_auc": 0.7955840455840456,
        "sd_seed_auc": 0.047400806643802994,
        "pooled_auc": 0.7988287432731878,
        "pooled_ci95": [
          0.7393121212121211,
          0.8528218368374648
        ],
        "n_pooled": 240
      },
      "MLP-32": {
        "mean_seed_auc": 0.831315289648623,
        "sd_seed_auc": 0.02956984412326942,
        "pooled_auc": 0.8363801836024058,
        "pooled_ci95": [
          0.7821479894323206,
          0.8878993510438479
        ],
        "n_pooled": 240
      },
      "MLP-128": {
        "mean_seed_auc": 0.8067426400759734,
        "sd_seed_auc": 0.025495524707803925,
        "pooled_auc": 0.8060303893637227,
        "pooled_ci95": [
          0.744787533068783,
          0.864408068736221
        ],
        "n_pooled": 240
      },
      "RF-200": {
        "mean_seed_auc": 0.7983143399810068,
        "sd_seed_auc": 0.030511305307562436,
        "pooled_auc": 0.8031813865147199,
        "pooled_ci95": [
          0.7411352883268197,
          0.8597075451765491
        ],
        "n_pooled": 240
      }
    },
    "lambda_10.0": {
      "LR": {
        "mean_seed_auc": 0.8100664767331435,
        "sd_seed_auc": 0.024697064502390027,
        "pooled_auc": 0.8128363406141184,
        "pooled_ci95": [
          0.7523950779926862,
          0.8679385063966963
        ],
        "n_pooled": 240
      },
      "MLP-32": {
        "mean_seed_auc": 0.8731006647673314,
        "sd_seed_auc": 0.03191712452445967,
        "pooled_auc": 0.8719927192149414,
        "pooled_ci95": [
          0.8226152169554154,
          0.9157590372297914
        ],
        "n_pooled": 240
      },
      "MLP-128": {
        "mean_seed_auc": 0.8757122507122507,
        "sd_seed_auc": 0.017008481390683096,
        "pooled_auc": 0.878877809433365,
        "pooled_ci95": [
          0.8265446807089887,
          0.9242001516175959
        ],
        "n_pooled": 240
      },
      "RF-200": {
        "mean_seed_auc": 0.8511396011396012,
        "sd_seed_auc": 0.024696208614794605,
        "pooled_auc": 0.8511396011396011,
        "pooled_ci95": [
          0.7975626201724394,
          0.8993916839915747
        ],
        "n_pooled": 240
      }
    }
  }
}